FID,Species,Name,Width,Length,Height,Transect,QN,QL,X,Y,Notes,sp_simp,Type,easting,northing,,,,
0,lar.tri,L142,375, ,206,0,0, ,0,0, ,lar.tri,shrub,622572.2904,3849111.924,,,,
1,ephedra, ,71,30,58,6,8,R,140,226, ,ephedra,shrub,622556.777,3849060.252,,,,
2,ephedra, ,69,53,66,6,8,R,165,262, ,ephedra,shrub,622557.027,3849060.612,,,,
3,amb.sal, ,55,60,64,6,8,R,165,262, ,amb.sal,shrub,622557.027,3849060.612,,,,
4,eri.fas, ,30,23,24,6,8,R,89,113, ,eri.fas,shrub,622556.267,3849059.122,,,,
5,eri.fas, ,21,20,16,6,8,R,354,117, ,eri.fas,shrub,622558.917,3849059.162,,,,
6,u3, ,22,17,30,6,8,R,370,280, ,u3,shrub,622559.077,3849060.792,,,,
7,eri.fas, ,43,28,39,6,8,R,53,474, ,eri.fas,shrub,622555.907,3849062.732,,,,
8,ephedra, ,52,50,38,6,8,R,99,474, ,ephedra,shrub,622556.367,3849062.732,,,,
9,ephedra, ,46,31,33,6,8,R,150,530, ,ephedra,shrub,622556.877,3849063.292,,,,
10,eri.fas, ,16,18,14,6,8,R,230,474, ,eri.fas,shrub,622557.677,3849062.732,,,,
11,cyl.ech, ,45,35,48,6,8,R,305,504, ,cyl.ech,cactus,622558.427,3849063.032,,,,
12,u3, ,21,20,30,6,8,R,322,494, ,u3,shrub,622558.597,3849062.932,,,,
13,u3, ,21,20,30,6,8,R,367,444, ,u3,shrub,622559.047,3849062.432,,,,
14,u3, ,48,37,39,6,8,R,205,600, ,u3,shrub,622557.427,3849063.992,,,,
15,u3, ,33,32,30,6,8,R,18,698, ,u3,shrub,622555.557,3849064.972,,,,
16,eri.fas, ,40,63,29,6,8,R,30,768, ,eri.fas,shrub,622555.677,3849065.672,,,,
17,cyl.ram, ,168,151,102,6,8,R,66,930, ,cyl.ram,cactus,622556.037,3849067.292,,,,
18,amb.sal, ,70,67,66,6,8,R,160,856, ,amb.sal,shrub,622556.977,3849066.552,,,,
19,u3, ,60,70,50,6,8,R,264,850, ,u3,shrub,622558.017,3849066.492,,,,
20,cyl.ech, ,13,23,45,6,8,R,289,784, ,cyl.ech,cactus,622558.267,3849065.832,,,,
21,amb.sal, ,36,45,45,6,8,R,289,777, ,amb.sal,shrub,622558.267,3849065.762,,,,
22,lar.tri, ,245,210,192,6,8,R,498,844, ,lar.tri,shrub,622560.357,3849066.432,,,,
23,ephedra, ,33,32,34,6,8,R,460,969, ,ephedra,shrub,622559.977,3849067.682,,,,
24,lar.tri, ,204,191,151,6,8,R,570,665, ,lar.tri,shrub,622561.077,3849064.642,,,,
25,eri.fas, ,18,15,19,6,8,R,751,685, ,eri.fas,shrub,622562.887,3849064.842,,,,
26,u3, ,18,20,33,6,8,R,701,635, ,u3,shrub,622562.387,3849064.342,,,,
27,u3, ,57,53,53,6,8,R,675,495, ,u3,shrub,622562.127,3849062.942,,,,
28,lar.tri, ,147,230,157,6,8,R,497,372, ,lar.tri,shrub,622560.347,3849061.712,,,,
29,PG, ,30,45,36,6,8,R,520,393, ,PG,shrub,622560.577,3849061.922,,,,
30,eri.fas, ,33,27,31,6,8,R,690,330, ,eri.fas,shrub,622562.277,3849061.292,,,,
31,u3, ,42,30,42,6,8,R,690,298, ,u3,shrub,622562.277,3849060.972,,,,
32,eri.fas, ,29,15,23,6,8,R,934,218, ,eri.fas,shrub,622564.717,3849060.172,,,,
33,eri.fas, ,24,38,18,6,8,R,955,196, ,eri.fas,shrub,622564.927,3849059.952,,,,
34,ephedra, ,80,82,59,6,8,L,200,38, ,ephedra,shrub,622567.377,3849058.372,,,,
35,lar.tri, ,354,309,183,6,8,L,265,109, ,lar.tri,shrub,622568.027,3849059.082,,,,
36,ephedra, ,42,95,73,6,8,L,270,49, ,ephedra,shrub,622568.077,3849058.482,,,,
37,ephedra, ,112,92,66,6,8,L,410,106, ,ephedra,shrub,622569.477,3849059.052,,,,
38,u3, ,48,49,39,6,8,L,310,259, ,u3,shrub,622568.477,3849060.582,,,,
39,u3, ,26,20,22,6,8,L,430,342, ,u3,shrub,622569.677,3849061.412,,,,
40,u3, ,14,14,18,6,8,L,484,309, ,u3,shrub,622570.217,3849061.082,,,,
41,u3, ,11,14,17,6,8,L,506,273, ,u3,shrub,622570.437,3849060.722,,,,
42,lar.tri, ,290,295,180,6,8,L,55,505, ,lar.tri,shrub,622565.927,3849063.042,,,,
44,lar.tri, ,153,203,110,6,8,L,40,865, ,lar.tri,shrub,622565.777,3849066.642,,,,
45,u3, ,40,50,34,6,8,L,160,885, ,u3,shrub,622566.977,3849066.842,,,,
46,u3, ,16,20,23,6,8,L,390,790, ,u3,shrub,622569.277,3849065.892,,,,
47,u3, ,29,33,37,6,8,L,420,595, ,u3,shrub,622569.577,3849063.942,,,,
48,u3, ,53,55,32,6,8,L,425,480, ,u3,shrub,622569.627,3849062.792,,,,
49,cyl.ech, ,37,41,33,6,8,L,445,465, ,cyl.ech,cactus,622569.827,3849062.642,,,,
50,?, ,27,11,29,6,8,L,650,910, ,noID,shrub,622571.877,3849067.092,,,,
51,lar.tri, ,320,363,264,6,8,L,960,905, ,lar.tri,shrub,622574.977,3849067.042,,,,
52,?, ,33,25,29,6,8,L,880,590, ,noID,shrub,622574.177,3849063.892,,,,
53,?, ,46,46,36,6,8,L,770,470, ,noID,shrub,622573.077,3849062.692,,,,
54,lar.tri, ,241,271,243,6,8,L,770,330, ,lar.tri,shrub,622573.077,3849061.292,,,,
55,?, ,9,8,15,6,8,L,950,420, ,noID,shrub,622574.877,3849062.192,,,,
56,ephedra, ,55,56,43,6,8,L,730,60, ,ephedra,shrub,622572.677,3849058.592,,,,
57,?, ,54,57,41,6,8,L,680,210, ,noID,shrub,622572.177,3849060.092,,,,
58,ephedra, ,44,34,45,6,8,L,735,325, ,ephedra,shrub,622572.727,3849061.242,,,,
59,ephedra, ,108,94,50,6,8,L,670,370, ,ephedra,shrub,622572.077,3849061.692,,,,
60,u3, ,40,30,36,6,8,L,580,465, ,u3,shrub,622571.177,3849062.642,,,,
61,PG, ,85,87,96,6,7,R,60,50, ,PG,shrub,622555.977,3849068.492,,,,
62,u3, ,32,38,35,6,7,R,75,30, ,u3,shrub,622556.127,3849068.292,,,,
63,eri.fas, ,78,86,46,6,7,R,255,30, ,eri.fas,shrub,622557.927,3849068.292,,,,
64,amb.sal, ,9,10,14,6,7,R,370,95, ,amb.sal,shrub,622559.077,3849068.942,,,,
65,ephedra, ,74,75,50,6,7,R,25,310, ,ephedra,shrub,622555.627,3849071.092,,,,
66,PG, ,69,79,59,6,7,R,0,330, ,PG,shrub,622555.377,3849071.292,,,,
67,cyl.ech, ,31,22,40,6,7,R,20,345, ,cyl.ech,cactus,622555.577,3849071.442,,,,
68,u3, ,27,45,39,6,7,R,75,450, ,u3,shrub,622556.127,3849013.942,,,,
69,u3, ,67,50,45,6,7,R,95,595, ,u3,shrub,622556.327,3849073.942,,,,
70,ephedra, ,95,95,60,6,7,R,195,510, ,ephedra,shrub,622557.327,3849073.092,,,,
71,tha.mon, ,33,24,28,6,7,R,245,550, ,tha.mon,shrub,622557.827,3849073.492,,,,
72,u3, ,29,50,34,6,7,R,245,550, ,u3,shrub,622557.827,3849073.492,,,,
73,u3, ,53,43,44,6,7,R,190,410, ,u3,shrub,622557.277,3849072.092,,,,
74,u3, ,38,40,48,6,7,R,10,800, ,u3,shrub,622555.477,3849075.992,,,,
75,ephedra,,107,135,69,,,,,,,ephedra,shrub,622556.727,3849076.692,,,,
76,u3, ,30,53,51,6,7,,215,870, ,u3,shrub,622557.527,3849076.692,,,,
77,u3, ,27,29,41,6,7,R,235,825, ,u3,shrub,622557.727,3849076.242,,,,
78,u3, ,80,50,47,6,7,R,260,900, ,u3,shrub,622557.977,3849076.992,,,,
79,amb.sal, ,35,57,50,6,7,R,365,860, ,amb.sal,shrub,622559.027,3849076.592,,,,
80,u3, ,58,40,38,6,7,R,515,910, ,u3,shrub,622560.527,3849077.092,,,,
81,u3, ,36,41,37,6,7,R,555,770, ,u3,shrub,622560.927,3849075.692,,,,
82,u3, ,26,33,37,6,7,R,655,975, ,u3,shrub,622561.927,3849077.742,,,,
83,u3, ,62,52,56,6,7,R,710,920, ,u3,shrub,622562.477,3849077.692,,,,
84,cyl.ram, ,14,16,40,6,7,R,710,970, ,cyl.ram,cactus,622562.477,3849077.692,,,,
85,lar.tri, ,460,366,160,6,7,R,775,715, ,lar.tri,shrub,622563.127,3849075.142,,,,
86,lar.tri, ,284,243,234,6,7,R,860,370, ,lar.tri,shrub,622563.977,3849071.692,,,,
87,ephedra, ,60,47,46,6,7,R,745,175, ,ephedra,shrub,622562.827,3849069.742,,,,
88,u3, ,36,30,27,6,7,R,540,640, ,u3,shrub,622560.777,3849074.392,,,,
89,u3, ,49,33,43,6,7,R,520,605, ,u3,shrub,622560.577,3849074.042,,,,
90,ephedra, ,69,64,50,6,7,R,550,475, ,ephedra,shrub,622560.877,3849072.742,,,,
91,u3, ,39,32,42,6,7,R,420,565, ,u3,shrub,622559.577,3849073.642,,,,
92,u3, ,50,30,35,6,7,R,480,210, ,u3,shrub,622560.177,3849070.092,,,,
93,lar.tri, ,75,95,55,6,7,R,400,290, ,lar.tri,shrub,622559.377,3849070.892,,,,
94,u3, ,60,53,52,6,7,R,320,340, ,u3,shrub,622558.577,3849071.392,,,,
95,cyl.ram, ,7,5,16,6,7,R,320,245, ,cyl.ram,cactus,622558.577,3849070.442,,,,
96,u3, ,25,42,36,6,7,R,260,310, ,u3,shrub,622557.977,3849071.092,,,,
97,lar.tri, ,15,12,20,6,7,R,210,280, ,lar.tri,shrub,622557.477,3849070.792,,,,
98,u3, ,45,45,38,6,7,L,50,30, ,u3,shrub,622565.877,3849068.292,,,,
99,ephedra, ,42,60,35,6,7,L,125,65, ,ephedra,shrub,622566.627,3849068.642,,,,
100,ephedra, ,60,90,59,6,7,L,160,105, ,ephedra,shrub,622566.977,3849069.042,,,,
101,ephedra, ,30,28,33,6,7,L,295,270, ,ephedra,shrub,622568.327,3849070.692,,,,
102,ephedra, ,64,65,51,6,7,L,305,315, ,ephedra,shrub,622568.427,3849071.142,,,,
103,ephedra, ,30,37,32,6,7,L,320,355, ,ephedra,shrub,622568.577,3849071.542,,,,
104,ephedra, ,6,8,19,6,7,L,295,255, ,ephedra,shrub,622568.327,3849070.542,,,,
105,ephedra, ,9,25,34,6,7,L,295,295, ,ephedra,shrub,622568.327,3849070.942,,,,
106,ephedra, ,4,6,28,6,7,L,305,260, ,ephedra,shrub,622568.427,3849070.592,,,,
107,ephedra, ,7,6,18,6,7,L,305,240, ,ephedra,shrub,622568.427,3849070.392,,,,
108,ephedra, ,12,13,35,6,7,L,315,285, ,ephedra,shrub,622568.527,3849070.842,,,,
109,lar.tri, ,308,339,193,6,7,L,355,680, ,lar.tri,shrub,622567.127,3849075.692,,,,
110,amb.sal, ,67,79,58,6,7,L,20,920, ,amb.sal,shrub,622565.577,3849077.192,,,,
111,ephedra, ,33,15,37,6,7,L,155,915, ,ephedra,shrub,622566.927,3849077.142,,,,
112,ephedra, ,40,20,35,6,7,L,175,770, ,ephedra,shrub,622567.127,3849075.692,,,,
113,ephedra, ,26,33,40,6,7,L,195,795, ,ephedra,shrub,622567.327,3849075.942,,,,
114,ephedra, ,20,12,32,6,7,L,235,805, ,ephedra,shrub,622567.727,3849076.042,,,,
115,ephedra, ,25,24,34,6,7,L,235,835, ,ephedra,shrub,622567.727,3849076.342,,,,
116,u3, ,62,63,46,6,7,L,425,780, ,u3,shrub,622569.627,3849075.792,,,,
118,ephedra, ,170,100,47,6,7,L,395,550, ,ephedra,shrub,622569.327,3849072.492,,#REF!,#REF!,
,lar.tri,,363,345,230,,,,,,,lar.tri,shrub,622569.327,3849070.142,,,,
119,u3, ,28,26,40,6,7,L,490,750, ,u3,shrub,622570.277,3849075.492,,,,
120,cyl.ram, ,15,26,40,6,7,L,510,845, ,cyl.ram,cactus,622570.477,3849076.442,,#REF!,,
121,PG, ,52,60,53,6,7,L,550,960, ,PG,shrub,622570.877,3849077.592,,,,
122,cyl.ram, ,33,22,45,6,7,L,590,800, ,cyl.ram,cactus,622571.277,3849075.992,,,,
123,u3, ,31,19,30,6,7,L,670,900, ,u3,shrub,622572.077,3849076.992,,,,
124,u3, ,50,74,46,6,7,L,745,630, ,u3,shrub,622572.827,3849074.292,,,,
125,lar.tri, ,240,215,216,6,7,L,840,510, ,lar.tri,shrub,622573.777,3849073.092,,,,
,ephedra,,75,69,50,,,,,,,ephedra,shrub,622573.477,3849073.092,,,,
126,ephedra, ,31,29,30,6,7,L,985,530, ,ephedra,shrub,622575.227,3849073.292,,,,
127,eri.fas, ,15,21,20,6,7,L,990,600, ,eri.fas,shrub,622575.277,3849073.992,,,,
128,u3, ,55,59,43,6,7,L,955,275, ,u3,shrub,622574.927,3849070.742,,,,
129,men.spi?, ,28,40,18,6,7,L,910,110, ,men.spi,shrub,622574.477,3849069.092,,,,
130,u3, ,26,21,30,6,7,L,875,185, ,u3,shrub,622574.127,3849069.842,,,,
131,u3, ,35,33,30,6,7,L,785,125, ,u3,shrub,622573.227,3849069.242,,,,
132,cyl.ram, ,63,65,60,6,7,L,680,165, ,cyl.ram,cactus,622572.177,3849069.642,,,,
133,u3, ,30,40,54,6,7,L,620,60, ,u3,shrub,622571.577,3849068.592,,,,
134,u3, ,50,38,31,6,7,L,545,325, ,u3,shrub,622570.827,3849071.242,,,,
136,amb.sal, ,95,68,70,6,6,R,450,35, ,amb.sal,shrub,622559.877,3849078.342,,,,
137,ephedra, ,52,42,55,6,6,R,180,180, ,ephedra,shrub,622557.177,3849079.792,,,,
138,lar.tri, ,254,310,193,6,6,R,50,280, ,lar.tri,shrub,622555.877,3849080.792,,,,
139,u3, ,59,64,39,6,6,R,107,665, ,u3,shrub,622556.447,3849084.642,,,,
141,ephedra, ,84,94,52,6,6,R,40,765, ,ephedra,shrub,622555.777,3849085.642,,,,
142,ephedra, ,70,66,56,6,6,R,80,805, ,ephedra,shrub,622556.177,3849086.042,,,,
143,ephedra, ,40,46,33,6,6,R,10,890, ,ephedra,shrub,622555.477,3849086.892,,,,
144,U?, ,62,40,38,6,6,R,134,910,"toothed fuzzy leaves, large flower head",noID,shrub,622556.717,3849087.092,,,,
145,u3, ,27,50,34,6,6,R,220,785, ,u3,shrub,622557.577,3849085.842,,,,
146,lar.tri, ,270,310,157,6,6,R,490,1000, ,lar.tri,shrub,622560.277,3849087.992,,,,
147,u3, ,70,67,45,6,6,R,440,690, ,u3,shrub,622559.777,3849084.892,,,,
148,ephedra, ,53,52,51,6,6,R,650,810, ,ephedra,shrub,622561.877,3849086.092,,,,
149,u3, ,45,30,34,6,6,R,685,830, ,u3,shrub,622562.227,3849086.292,,,,
150,u3, ,23,21,20,6,6,R,765,525, ,u3,shrub,622563.027,3849083.242,,,,
151,u3, ,26,32,23,6,6,R,570,610, ,u3,shrub,622561.077,3849084.092,,,,
,cyl.ech,,,,,,,,,,,cyl.ech,cactus,622561.077,3849084.092,,,,
,cyl.ech,,30,29,25,,,,,,,,,622560.627,3849083.242,,,,
152,cyl.ech, ,23,21,20,6,6,R,765,525, ,cyl.ech,cactus,622563.027,3849083.242,,,,
153,ephedra, ,100,100,55,6,6,R,800,680, ,ephedra,shrub,622563.377,3849084.792,,,,
154,ephedra, ,60,55,50,6,6,R,750,680, ,ephedra,shrub,622562.877,3849084.792,,,,
155,u3, ,47,56,38,6,6,R,700,595, ,u3,shrub,622562.377,3849083.942,,,,
156,cyl.ech, ,25,26,46,6,6,R,690,595, ,cyl.ech,cactus,622562.277,3849083.942,,,,
157,lar.tri, ,376,272,165,6,6,R,750,305, ,lar.tri,shrub,622562.877,3849081.042,,,,
158,u3, ,50,43,44,6,6,R,605,150, ,u3,shrub,622561.427,3849079.492,,,,
159,u3, ,30,30,31,6,6,R,965,265, ,u3,shrub,622565.027,3849080.642,,,,
160,u3, ,20,18,29,6,6,R,885,75, ,u3,shrub,622564.227,3849078.742,,,,
161,ephedra, ,47,49,49,6,6,L,120,65, ,ephedra,shrub,622566.577,3849078.642,,,,
162,ephedra, ,35,53,50,6,6,L,155,70, ,ephedra,shrub,622566.927,3849078.692,,,,
163,ephedra, ,10,8,30,6,6,L,30,120, ,ephedra,shrub,622565.677,3849079.192,,,,
164,ephedra, ,30,32,32,6,6,L,205,190, ,ephedra,shrub,622567.427,3849079.892,,,,
165,ephedra, ,46,45,60,6,6,L,35,425, ,ephedra,shrub,622565.727,3849082.242,,,,
166,amb.sal, ,57,48,72,6,6,L,60,425, ,amb.sal,shrub,622565.977,3849082.242,,,,
167,u3, ,50,40,46,6,6,L,0,515, ,u3,shrub,622565.377,3849083.142,,,,
168,u3, ,34,55,45,6,6,L,230,515, ,u3,shrub,622567.677,3849083.142,,,,
169,PG, ,5,6,11,6,6,L,260,665,under dead shrub,PG,shrub,622567.977,3849084.642,,,,
170,PG, ,125,120,100,6,6,L,170,805, ,PG,shrub,622567.077,3849086.042,,,,
171,ephedra, ,175,138,52,6,6,L,610,870,ring formation,ephedra,shrub,622571.477,3849086.692,,,,
172,u3, ,22,30,29,6,6,L,560,915, ,u3,shrub,622570.977,3849087.142,,,,
173,u3, ,39,30,36,6,6,L,585,870,inside ephedra ring,u3,shrub,622571.227,3849086.692,,,,
174,cyl.ram, ,44,47,66,6,6,L,680,905, ,cyl.ram,cactus,622572.177,3849087.042,,,,
175,u3, ,30,20,36,6,6,L,680,855, ,u3,shrub,622572.177,3849086.542,,,,
176,eri.fas, ,34,24,36,6,6,L,680,970, ,eri.fas,shrub,622572.177,3849087.692,,,,
177,PG, ,100,109,71,6,6,L,730,950, ,PG,shrub,622572.677,3849087.492,,,,
178,PG, ,64,84,92,6,6,L,760,830, ,PG,shrub,622572.977,3849086.292,,,,
179,PG, ,132,137,107,6,6,L,920,930, ,PG,shrub,622574.577,3849087.292,,,,
180,ephedra, ,86,103,70,6,6,L,440,970, ,ephedra,shrub,622569.777,3849087.692,,,,
181,PG, ,87,74,38,6,6,L,730,615, ,PG,shrub,622572.677,3849084.142,,,,
182,u3, ,53,33,30,6,6,L,630,575, ,u3,shrub,622571.677,3849083.742,,,,
183,u3, ,72,66,35,6,6,L,560,630, ,u3,shrub,622570.977,3849084.292,,,,
184,u3, ,18,18,20,6,6,L,755,655, ,u3,shrub,622572.927,3849084.542,,,,
185,u3, ,44,55,35,6,6,L,570,540, ,u3,shrub,622571.077,3849083.392,,,,
186,amb.sal, ,120,92,66,6,6,L,1000,445, ,amb.sal,shrub,622575.377,3849082.442,,,,
187,tha.mon, ,64,53,39,6,6,L,1000,355, ,tha.mon,shrub,622575.377,3849081.542,,,,
188,ephedra, ,115,149,87,6,6,L,910,95, ,ephedra,shrub,622574.477,3849078.942,,,,
189,ephedra, ,122,117,87,6,6,L,845,150, ,ephedra,shrub,622573.827,3849079.492,,,,
190,lar.tri, ,70,59,60,6,6,L,710,145, ,lar.tri,shrub,622572.477,3849079.442,,,,
191,lar.tri, ,13,19,25,6,6,L,665,315,under dead shrub,lar.tri,shrub,622572.027,3849081.142,,,,
,u3,,30,27,26,,,,,,,u3,shrub,622570.777,3849080.842,,,,
192,eri.fas, ,95,46,49,6,6,L,565,135, ,eri.fas,shrub,622571.027,3849079.342,,,,
193,cyl.ech, ,33,40,46,6,6,L,550,85, ,cyl.ech,cactus,622570.877,3849078.842,,,,
194,eri.fas, ,25,22,45,6,6,L,435,285, ,eri.fas,shrub,622569.727,3849080.842,,,,
195,u2, ,56,33,42,6,5,R,350,155, ,u2,shrub,622558.877,3849089.542,,,,
196,eri.fas, ,26,28,26,6,5,R,265,235, ,eri.fas,shrub,622558.027,3849090.342,,,,
197,eri.fas, ,30,33,28,6,5,R,140,130, ,eri.fas,shrub,622556.777,3849089.292,,,,
198,ephedra, ,51,39,41,6,5,R,30,320, ,ephedra,shrub,622555.677,3849091.192,,,,
199,ephedra, ,89,87,57,6,5,R,0,420, ,ephedra,shrub,622555.377,3849092.192,,,,
200,cyl.aca, ,26,39,63,6,5,R,165,430, ,cyl.aca,cactus,622557.027,3849092.292,,,,
201,cyl.ech, ,29,28,25,6,5,R,45,870, ,cyl.ech,cactus,622555.827,3849096.692,,,,
202,eri.fas, ,67,65,50,6,5,R,95,905, ,eri.fas,shrub,622556.327,3849097.042,,,,
203,lar.tri, ,270,230,193,6,5,R,470,780, ,lar.tri,shrub,622560.077,3849095.792,,,,
204,ephedra, ,42,39,35,6,5,R,560,990, ,ephedra,shrub,622560.977,3849097.892,,,,
205,ephedra, ,130,96,55,6,5,R,750,760, ,ephedra,shrub,622562.877,3849095.592,,,,
206,lar.tri, ,318,336,185,6,5,R,865,725, ,lar.tri,shrub,622564.027,3849095.242,,,,
207,eri.fas, ,12,10,25,6,5,R,925,260, ,eri.fas,shrub,622564.627,3849090.592,,,,
208,ephedra, ,193,132,50,6,5,R,775,135,ring formation,ephedra,shrub,622563.127,3849089.342,,,,
209,cyl.ech, ,37,35,31,6,5,R,970,20, ,cyl.ech,cactus,622565.077,3849088.192,,,,
210,u3, ,40,37,50,6,5,R,730,80, ,u3,shrub,622562.677,3849088.792,,,,
211,ephedra, ,116,90,70,6,5,R,695,110, ,ephedra,shrub,622562.327,3849089.092,,,,
212,u3, ,42,37,37,6,5,R,655,60, ,u3,shrub,622561.927,3849088.592,,,,
213,u3, ,70,53,39,6,5,L,270,0, ,u3,shrub,622568.077,3849087.992,,,,
214,PG, ,85,90,73,6,5,L,240,95, ,PG,shrub,622567.777,3849088.942,,,,
215,amb.sal, ,70,80,60,6,5,L,340,35, ,amb.sal,shrub,622568.777,3849088.342,,,,
216,u3, ,33,37,33,6,5,L,60,960, ,u3,shrub,622565.977,3849097.592,,,,
217,eri.fas, ,19,20,40,6,5,L,240,900, ,eri.fas,shrub,622567.777,3849096.992,,,,
218,cyl.ech, ,23,28,49,6,5,L,480,740, ,cyl.ech,cactus,622570.177,3849095.392,,,,
219,u3, ,49,28,34,6,5,L,395,665, ,u3,shrub,622569.327,3849094.642,,,,
220,u3, ,30,40,26,6,5,L,495,780, ,u3,shrub,622570.327,3849095.792,,,,
221,cyl.ram, ,18,8,10,6,5,L,485,740, ,cyl.ram,cactus,622570.227,3849095.392,,,,
222,eri.fas, ,10,7,8,6,5,L,515,780,sample,eri.fas,shrub,622570.527,3849095.792,,,,
223,amb.sal, ,44,58,60,6,5,L,565,975, ,amb.sal,shrub,622571.027,3849097.742,,,,
224,PG, ,67,113,60,6,5,L,590,960, ,PG,shrub,622571.277,3849097.592,,,,
225,u3, ,33,27,35,6,5,L,630,950, ,u3,shrub,622571.677,3849097.492,,,,
226,u3, ,20,20,30,6,5,L,605,950, ,u3,shrub,622571.427,3849097.492,,,,
227,u3, ,46,30,38,6,5,L,710,870, ,u3,shrub,622572.477,3849096.692,,,,
228,ephedra, ,67,74,45,6,5,L,800,780, ,ephedra,shrub,622573.377,3849095.792,,,,
229,u3, ,110,85,60,6,5,L,945,925, ,u3,shrub,622574.827,3849097.242,,,,
230,cyl.ech, ,44,63,35,6,5,L,900,785, ,cyl.ech,cactus,622574.377,3849095.842,,,,
231,u3, ,44,63,35,6,5,L,900,795,surround SC,u3,shrub,622574.377,3849095.942,,,,
232,PG, ,65,52,52,6,5,L,870,345, ,PG,shrub,622574.077,3849091.442,,,,
233,u3, ,38,35,30,6,5,L,960,320, ,u3,shrub,622574.977,3849091.192,,,,
234,u3, ,40,36,30,6,5,L,940,85, ,u3,shrub,622574.777,3849088.842,,,,
235,eri.fas, ,47,79,30,6,5,L,840,25, ,eri.fas,shrub,622573.777,3849088.242,,,,
236,u3, ,60,69,45,6,5,L,850,190, ,u3,shrub,622573.877,3849089.892,,,,
237,u3, ,65,53,48,6,5,L,735,110, ,u3,shrub,622572.727,3849089.092,,,,
238,PG, ,88,80,85,6,5,L,580,80, ,PG,shrub,622571.177,3849088.792,,,,
239,eri.fas, ,20,18,16,6,5,L,460,170, ,eri.fas,shrub,622569.977,3849089.692,,,,
240,u3, ,50,47,40,6,4,R,95,60, ,u3,shrub,622556.327,3849098.592,,,,
241,ephedra, ,115,91,60,6,4,R,65,210, ,ephedra,shrub,622556.027,3849100.092,,,,
242,ephedra, ,138,164,45,6,4,R,310,85,ring with 4 clumps,ephedra,shrub,622558.477,3849098.842,,,,
243,eri.fas, ,77,72,41,6,4,R,130,530, ,eri.fas,shrub,622556.677,3849103.292,,,,
244,cyl.ech, ,45,51,45,6,4,R,100,740, ,cyl.ech,cactus,622556.377,3849105.392,,,,
245,eri.fas, ,23,18,25,6,4,R,95,785, ,eri.fas,shrub,622556.327,3849105.842,,,,
246,eri.fas, ,66,47,50,6,4,R,255,840, ,eri.fas,shrub,622557.927,3849106.392,,,,
247,ephedra, ,38,36,36,6,4,R,320,640, ,ephedra,shrub,622558.577,3849104.392,,,,
248,ephedra, ,88,100,46,6,4,R,470,665, ,ephedra,shrub,622560.077,3849104.642,,,,
249,u3, ,105,50,75,6,4,R,470,790, ,u3,shrub,622560.077,3849105.892,,,,
250,lar.tri, ,353,276,204,6,4,R,470,585, ,lar.tri,shrub,622560.077,3849103.842,,,,
251,u3, ,53,36,35,6,4,R,665,650, ,u3,shrub,622562.027,3849104.492,,,,
252,u3, ,52,68,41,6,4,R,700,735, ,u3,shrub,622562.377,3849105.342,,,,
253,ephedra, ,105,50,75,6,4,R,850,790, ,ephedra,shrub,622563.877,3849105.892,,,,
254,lar.tri, ,102,103,168,6,4,R,890,760, ,lar.tri,shrub,622564.277,3849105.592,,,,
255,ephedra, ,76,80,50,6,4,R,920,850, ,ephedra,shrub,622564.577,3849106.492,,,,
256,ephedra, ,105,95,57,6,4,R,965,970, ,ephedra,shrub,622565.027,3849107.692,,,,
257,tha.mon, ,74,60,40,6,4,R,650,485, ,tha.mon,shrub,622561.877,3849102.842,,,,
258,men.spi, ,57,16,40,6,4,R,640,440, ,men.spi,shrub,622561.777,3849102.392,,,,
259,lar.tri, ,272,330,246,6,4,R,820,330, ,lar.tri,shrub,622563.577,3849101.292,,,,
260,u3, ,58,48,30,6,4,R,830,135, ,u3,shrub,622563.677,3849099.342,,,,
261,amb.sal, ,64,67,49,6,4,R,740,120,very few leave,amb.sal,shrub,622562.777,3849099.192,,,,
,eri.fas,,18,17,18,,,,,,,eri.fas,shrub,622562.077,3849100.092,,,,
262,ephedra, ,100,102,70,6,4,R,580,310, ,ephedra,shrub,622561.177,3849101.092,,,,
263,ephedra, ,127,115,61,6,4,L,110,40, ,ephedra,shrub,622566.477,3849098.392,,,,
264,tha.mon, ,78,53,38,6,4,L,145,290, ,tha.mon,shrub,622566.827,3849100.892,,,,
265,eri.fas, ,14,20,38,6,4,L,145,290,inside turp,eri.fas,shrub,622566.827,3849100.892,,,,
267,eri.fas, ,57,37,30,6,4,L,250,440, ,eri.fas,shrub,622570.327,3849102.392,,,,
268,eri.fas, ,46,27,41,6,4,L,175,570, ,eri.fas,shrub,622567.127,3849103.692,,,,
269,u3, ,63,40,35,6,4,L,85,665, ,u3,shrub,622566.227,3849104.642,,,,
270,amb.sal, ,108,87,85,6,4,L,85,735, ,amb.sal,shrub,622566.227,3849105.342,,,,
271,lar.tri, ,312,290,230,6,4,L,185,910, ,lar.tri,shrub,622567.227,3849107.092,,,,
272,men.spi, ,23,35,20,6,4,L,125,965, ,men.spi,shrub,622566.627,3849107.642,,,,
273,u3, ,30,20,30,6,4,L,5,1000, ,u3,shrub,622565.427,3849107.992,,,,
274,ephedra, ,203,96,70,6,4,L,510,640,ring formation,ephedra,shrub,622570.477,3849104.392,,,,
275,ephedra, ,147,140,63,6,4,L,650,665,ring formation,ephedra,shrub,622571.877,3849104.642,,,,
276,u3, ,44,60,46,6,4,L,960,860, ,u3,shrub,622574.977,3849106.592,,,,
277,cyl.ech, ,57,76,71,6,4,L,1000,810, ,cyl.ech,cactus,622575.377,3849106.092,,,,
278,ephedra, ,105,87,63,6,4,L,935,760, ,ephedra,shrub,622574.727,3849105.592,,,,
279,ephedra, ,85,65,47,6,4,L,915,590, ,ephedra,shrub,622574.527,3849103.892,,,,
280,amb.sal, ,7,4,17,6,4,L,720,690,under dead shrub,amb.sal,shrub,622572.577,3849104.892,,,,
281,u3, ,30,24,22,6,4,L,765,590, ,u3,shrub,622573.027,3849103.892,,,,
282,amb.sal, ,25,23,34,6,4,L,680,545, ,amb.sal,shrub,622572.177,3849103.442,,,,
283,cyl.ram, ,144,149,97,6,4,L,615,500, ,cyl.ram,cactus,622571.527,3849102.992,,,,
284,PG, ,90,80,80,6,4,L,495,440, ,PG,shrub,622570.327,3849102.392,,,,
285,u3, ,36,27,29,6,4,L,640,380, ,u3,shrub,622571.777,3849101.792,,,,
287,eri.fas, ,70,48,25,6,4,L,340,155, ,eri.fas,shrub,622568.777,3849099.542,,,,
288,u3, ,62,37,48,6,4,L,450,15, ,u3,shrub,622569.877,3849098.142,,,,
289,cyl.ram, ,13,14,30,6,4,L,475,5, ,cyl.ram,cactus,622570.127,3849098.042,,,,
290,eri.fas, ,40,50,46,6,4,L,430,215, ,eri.fas,shrub,622569.677,3849100.142,,,,
291,cyl.ram, ,76,39,60,6,4,L,395,275, ,cyl.ram,cactus,622569.327,3849100.742,,,,
292,men.spi, ,35,25,35,6,4,L,420,290, ,men.spi,shrub,622569.577,3849100.892,,,,
293,yuc.sch, ,129,137,130,6,4,L,470,244, ,yuc.sch,yucca,622570.077,3849100.432,,,,
294,PG, ,98,61,62,6,4,L,580,190, ,PG,shrub,622571.177,3849099.892,,,,
295,amb.sal, ,80,64,74,6,4,L,580,255, ,amb.sal,shrub,622571.177,3849100.542,,,,
296,amb.sal, ,52,55,41,6,4,L,650,305, ,amb.sal,shrub,622571.877,3849101.042,,,,
297,ephedra, ,38,23,38,6,4,L,650,315, ,ephedra,shrub,622571.877,3849101.142,,,,
298,cyl.ram, ,9,9,10,6,4,L,700,105, ,cyl.ram,cactus,622572.377,3849099.042,,,,
299,u3, ,26,31,40,6,4,L,720,205, ,u3,shrub,622572.577,3849100.042,,,,
300,u3, ,23,12,29,6,4,L,785,110, ,u3,shrub,622573.227,3849099.092,,,,
301,u3, ,52,48,37,6,4,L,805,305, ,u3,shrub,622573.427,3849101.042,,,,
302,yuc.sch, ,102,100,107,6,4,L,845,155, ,yuc.sch,yucca,622573.827,3849099.542,,,,
303,amb.sal, ,29,40,59,6,4,L,900,235, ,amb.sal,shrub,622574.377,3849100.342,,,,
304,PG, ,35,30,45,6,4,L,900,240, ,PG,shrub,622574.377,3849100.392,,,,
305,u3, ,55,50,48,6,4,L,905,315, ,u3,shrub,622574.427,3849101.142,,,,
306,ephedra, ,32,28,32,6,4,L,825,305, ,ephedra,shrub,622573.627,3849101.042,,,,
307,lar.tri, ,230,284,201,6,3,R,505,145, ,lar.tri,shrub,622560.427,3849109.442,,,,
308,PG, ,82,80,70,6,3,R,345,340, ,PG,shrub,622558.827,3849111.392,,,,
309,u3, ,38,40,33,6,3,R,390,365, ,u3,shrub,622559.277,3849111.642,,,,
310,ephedra, ,83,46,44,6,3,R,245,60, ,ephedra,shrub,622557.827,3849108.592,,,,
311,ephedra, ,71,60,46,6,3,R,130,200, ,ephedra,shrub,622556.677,3849109.992,,,,
312,ephedra, ,60,67,48,6,3,R,175,250, ,ephedra,shrub,622557.127,3849110.492,,,,
313,cyl.ech, ,35,30,44,6,3,R,220,470, ,cyl.ech,cactus,622557.577,3849112.692,,,,
314,ephedra, ,100,106,65,6,3,R,150,585, ,ephedra,shrub,622556.877,3849113.842,,,,
315,amb.sal, ,72,73,60,6,3,R,40,540, ,amb.sal,shrub,622555.777,3849113.842,,,,
316,eri.fas, ,17,18,25,6,3,R,120,630, ,eri.fas,shrub,622556.577,3849114.292,,,,
317,amb.sal, ,36,31,36,6,3,R,75,640, ,amb.sal,shrub,622556.127,3849114.392,,,,
318,amb.sal, ,29,36,35,6,3,R,15,675, ,amb.sal,shrub,622555.527,3849114.742,,,,
319,amb.sal, ,48,40,40,6,3,R,195,725, ,amb.sal,shrub,622557.327,3849115.242,,,,
320,cyl.ech, ,21,23,17,6,3,R,220,730, ,cyl.ech,cactus,622557.577,3849115.292,,,,
321,amb.sal, ,52,55,46,6,3,R,80,760, ,amb.sal,shrub,622556.177,3849115.592,,,,
322,amb.sal, ,40,32,42,6,3,R,90,805, ,amb.sal,shrub,622556.277,3849116.042,,,,
323,amb.sal, ,129,115,80,6,3,R,140,895, ,amb.sal,shrub,622556.777,3849116.942,,,,
324,u3, ,46,47,40,6,3,R,30,975, ,u3,shrub,622555.677,3849117.742,,,,
325,amb.sal, ,28,30,42,6,3,R,245,910, ,amb.sal,shrub,622557.827,3849117.092,,,,
326,u3, ,26,25,28,6,3,R,310,910, ,u3,shrub,622558.477,3849117.092,,,,
327,ephedra, ,128,100,70,6,3,R,420,900, ,ephedra,shrub,622559.577,3849116.992,,,,
,ephedra,,110,82,62,,,,,,,ephedra,shrub,622559.577,3849114.742,,,,
328,lar.tri, ,146,150,200,6,3,R,465,830, ,lar.tri,shrub,622560.027,3849116.292,,,,
329,ephedra, ,128,100,70,6,3,R,420,900, ,ephedra,shrub,622559.577,3849116.992,,,,
330,?, ,40,28,25,6,3,R,820,580,"looks like u3, dense, sticky fragrant",noID,shrub,622563.577,3849113.792,,,,
331,amb.sal, ,54,54,69,6,3,R,895,470, ,amb.sal,shrub,622564.327,3849112.692,,,,
332,ephedra, ,145,115,87,6,3,R,685,415, ,ephedra,shrub,622562.227,3849112.142,,,,
333,ephedra, ,60,65,62,6,3,R,755,380, ,ephedra,shrub,622562.927,3849111.792,,,,
334,lar.tri, ,373,258,218,6,3,R,820,170, ,lar.tri,shrub,622563.577,3849109.692,,,,
335,ephedra, ,54,54,40,6,3,L,85,145, ,ephedra,shrub,622566.227,3849109.442,,,,
336,ephedra, ,75,60,40,6,3,L,90,190, ,ephedra,shrub,622566.277,3849109.892,,,,
337,cyl.ram, ,28,24,18,6,3,L,130,185, ,cyl.ram,cactus,622566.677,3849109.842,,,,
338,lar.tri, ,231,182,197,6,3,L,175,430, ,lar.tri,shrub,622567.127,3849112.292,,,,
339,?, ,40,54,25,6,3,L,20,840,spiny w/ few leaves,noID,shrub,622565.577,3849116.392,,,,
340,ephedra, ,55,60,50,6,3,L,260,745, ,ephedra,shrub,622567.977,3849115.442,,,,
341,u3, ,45,37,30,6,3,L,280,70, ,u3,shrub,622570.727,3849107.542,,,,
342,ephedra, ,146,67,70,6,3,L,410,580, ,ephedra,shrub,622569.477,3849113.792,,,,
343,men.spi, ,15,18,19,6,3,L,955,455, ,men.spi,shrub,622574.927,3849112.542,,,,
344,ephedra, ,105,60,40,6,3,L,930,250, ,ephedra,shrub,622574.677,3849110.492,,,,
345,ephedra, ,51,55,40,6,3,L,885,180, ,ephedra,shrub,622574.227,3849109.792,,,,
346,u3, ,52,31,41,6,3,L,1000,25, ,u3,shrub,622575.377,3849108.242,,,,
347,cyl.ech, ,35,22,36,6,3,L,980,25, ,cyl.ech,cactus,622575.177,3849108.242,,,,
348,ephedra, ,65,60,55,6,3,L,895,30, ,ephedra,shrub,622574.327,3849108.292,,,,
349,u3, ,43,27,51,6,3,L,680,35, ,u3,shrub,622572.177,3849108.342,,,,
350,lar.tri, ,226,109,147,6,3,L,460,110, ,lar.tri,shrub,622569.977,3849109.092,,,,
351,u3, ,55,52,34,6,2,R,310,30, ,u3,shrub,622558.477,3849119.892,,,,
352,amb.sal, ,10,12,36,6,2,R,275,60, ,amb.sal,shrub,622558.127,3849120.192,,,,
353,amb.sal, ,71,88,54,6,2,R,275,135, ,amb.sal,shrub,622558.127,3849120.942,,,,
354,amb.sal, ,33,63,41,6,2,R,170,130, ,amb.sal,shrub,622557.077,3849120.892,,,,
355,amb.sal, ,50,54,70,6,2,R,0,180, ,amb.sal,shrub,622555.377,3849121.392,,,,
356,ephedra, ,200,130,60,6,2,R,110,500,looks like 3,ephedra,shrub,622556.477,3849124.592,,,,
357,eri.fas, ,32,45,43,6,2,R,190,735, ,eri.fas,shrub,622557.277,3849126.942,,,,
358,cyl.ram, ,15,15,17,6,2,R,180,755, ,cyl.ram,cactus,622557.177,3849127.142,,,,
359,amb.sal, ,37,30,38,6,2,R,425,200,started at bottom again,amb.sal,shrub,622559.627,3849121.592,,,,
360,cyl.ram, ,18,19,21,6,2,R,465,175, ,cyl.ram,cactus,622560.027,3849121.342,,,,
361,tha.mon, ,34,54,37,6,2,R,480,185, ,tha.mon,shrub,622560.177,3849121.442,,,,
362,u3, ,43,42,50,6,2,R,515,200, ,u3,shrub,622560.527,3849121.592,,,,
363,u3, ,30,25,38,6,2,R,450,250, ,u3,shrub,622559.877,3849122.092,,,,
364,u3, ,65,62,50,6,2,R,410,320, ,u3,shrub,622559.477,3849122.792,,,,
365,u3, ,60,36,44,6,2,R,470,350, ,u3,shrub,622560.077,3849123.092,,,,
366,eri.fas, ,37,58,40,6,2,R,410,445, ,eri.fas,shrub,622559.477,3849124.042,,,,
367,u3, ,62,56,5,6,2,R,505,555, ,u3,shrub,622560.427,3849125.142,,,,
368,ephedra, ,167,104,66,6,2,R,680,445, ,ephedra,shrub,622562.177,3849124.042,,,,
369,u3, ,35,56,52,6,2,R,705,485, ,u3,shrub,622562.427,3849124.442,,,,
370,u3, ,43,39,36,6,2,R,695,575, ,u3,shrub,622562.327,3849125.342,,,,
371,u3, ,42,44,38,6,2,R,605,675, ,u3,shrub,622561.427,3849126.342,,,,
372,eri.fas, ,51,51,41,6,2,R,560,895, ,eri.fas,shrub,622560.977,3849128.542,,,,
373,amb.sal, ,49,34,69,6,2,R,635,1125, ,amb.sal,shrub,622559.927,3849129.892,,,,
374,amb.sal, ,50,55,50,6,2,R,710,1040, ,amb.sal,shrub,622562.477,3849129.992,,,,
375,amb.sal, ,40,35,73,6,2,R,730,930,all cluster,amb.sal,shrub,622562.677,3849128.892,,,,
376,amb.sal, ,26,23,50,6,2,R,750,950,all cluster,amb.sal,shrub,622562.877,3849129.092,,,,
377,ephedra, ,57,85,54,6,2,R,750,935,all cluster,ephedra,shrub,622562.877,3849128.942,,,,
378,amb.sal, ,30,38,47,6,2,R,760,930,all cluster,amb.sal,shrub,622562.977,3849128.892,,,,
379,lar.tri, ,122,120,94,6,2,L,825,940, ,lar.tri,shrub,622573.627,3849128.992,,,,
380,u3, ,48,56,40,6,2,L,1000,775, ,u3,shrub,622575.377,3849127.342,,,,
381,u3, ,83,50,51,6,2,L,720,735, ,u3,shrub,622572.577,3849126.942,,,,
382,u3, ,50,45,52,6,2,L,980,600, ,u3,cactus,622575.177,3849125.592,,,,
383,amb.sal, ,64,46,50,6,2,L,915,430, ,amb.sal,shrub,622574.527,3849123.892,,,,
384,u3, ,32,25,25,6,2,L,835,205, ,u3,shrub,622573.727,3849118.892,,,,
385,u3, ,42,40,33,6,2,L,715,45, ,u3,shrub,622572.527,3849120.042,,,,
386,cyl.ram, ,10,19,25,6,2,L,730,170, ,cyl.ram,cactus,622572.677,3849121.292,,,,
387,u3, ,52,54,46,6,2,L,680,125, ,u3,shrub,622572.177,3849120.842,,,,
388,lar.tri, ,302,205,182,6,2,L,45,185, ,lar.tri,shrub,622565.827,3849121.442,,,,
389,lar.tri, ,366,324,193,6,2,L,40,315, ,lar.tri,shrub,622565.777,3849122.742,,,,
390,u3, ,9,41,49,6,2,L,45,375, ,u3,shrub,622565.827,3849123.342,,,,
391,lar.tri, ,125,102,150,6,2,L,195,395, ,lar.tri,shrub,622567.327,3849123.542,,,,
392,lar.tri, ,189,170,153,6,2,L,175,540, ,lar.tri,shrub,622567.127,3849124.992,,,,
393,amb.sal, ,64,60,45,6,2,L,180,832, ,amb.sal,shrub,622567.177,3849127.912,,,,
394,u3, ,40,29,30,6,2,L,170,945, ,u3,shrub,622567.077,3849129.042,,,,
395,cyl.ech, ,37,17,44,6,2,L,175,945, ,cyl.ech,cactus,622567.127,3849129.042,,,,
396,u3, ,50,48,36,6,2,L,70,915, ,u3,shrub,622566.077,3849128.742,,,,
397,amb.sal, ,54,38,42,6,2,L,55,935, ,amb.sal,shrub,622565.927,3849128.942,,,,
398,tha.mon, ,64,52,38,6,2,L,45,970, ,tha.mon,shrub,622565.827,3849129.292,,,,
399,lar.tri, ,300,260,145,6,2,L,310,690, ,lar.tri,shrub,622568.477,3849126.492,,,,
400,tha.mon, ,92,109,45,6,2,L,640,390, ,tha.mon,shrub,622571.777,3849128.342,,,,
401,cyl.ram, ,134,127,102,6,2,L,830,1000, ,cyl.ram,cactus,622573.677,3849129.592,,,,
402,lar.tri, ,283,373,230,6,2,L,740,690,ring with 3,lar.tri,shrub,622572.777,3849126.492,,,,
403,men.spi, ,23,24,28,6,2,L,665,730, ,men.spi,shrub,622572.027,3849126.892,,,,
404,cyl.ram, ,27,26,27,6,2,L,875,570, ,cyl.ram,cactus,622574.127,3849125.292,,,,
405,lar.tri, ,225,190,220,6,2,L,950,730, ,lar.tri,shrub,622574.877,3849126.892,,,,
406,lar.tri, ,205,151,190,6,2,L,860,345, ,lar.tri,shrub,622573.977,3849123.042,,,,
407,ephedra, ,158,145,86,6,2,L,870,95, ,ephedra,shrub,622574.077,3849120.542,,,,
408,ephedra, ,57,45,38,6,2,L,595,325, ,ephedra,shrub,622571.327,3849122.842,,,,
409,eri.fas, ,34,25,30,6,2,L,630,55, ,eri.fas,shrub,622571.677,3849120.142,,,,
410,eri.fas, ,36,28,40,6,2,L,595,75, ,eri.fas,shrub,622571.327,3849120.342,,,,
411,eri.fas, ,27,30,16,6,2,L,535,25, ,eri.fas,shrub,622570.727,3849119.842,,,,
412,eri.fas, ,27,19,19,6,2,L,500,120, ,eri.fas,shrub,622570.377,3849120.792,,,,
413,lar.tri, ,308,245,200,6,2,L,340,110, ,lar.tri,shrub,622568.777,3849120.692,,,,
414,tha.mon, ,77,64,42,6,1,R,145,65, ,tha.mon,shrub,622556.827,3849130.242,,,,
415,amb.sal, ,55,55,45,6,1,R,130,340, ,amb.sal,shrub,622556.677,3849132.992,,,,
416,amb.sal, ,55,65,60,6,1,R,106,435, ,amb.sal,shrub,622556.437,3849133.942,,,,
417,eri.fas, ,56,67,36,6,1,R,70,470, ,eri.fas,shrub,622556.077,3849134.292,,,,
418,u3, ,50,45,35,6,1,R,0,550, ,u3,shrub,622555.377,3849135.092,,,,
419,eri.fas, ,30,30,30,6,1,R,200,460, ,eri.fas,shrub,622557.377,3849134.192,,,,
420,eri.fas, ,15,15,16,6,1,R,95,550, ,eri.fas,shrub,622556.327,3849135.092,,,,
421,eri.fas, ,20,20,14,6,1,R,45,715, ,eri.fas,shrub,622555.827,3849136.742,,,,
422,men.spi, ,43,46,20,6,1,R,100,765, ,men.spi,shrub,622556.377,3849137.242,,,,
423,u3, ,38,30,34,6,1,R,25,790, ,u3,shrub,622555.627,3849137.492,,,,
424,u3, ,35,25,25,6,1,R,80,890, ,u3,shrub,622556.177,3849138.492,,,,
425,amb.sal, ,107,95,60,6,1,R,10,950, ,amb.sal,shrub,622555.477,3849139.092,,,,
426,u3, ,35,25,20,6,1,R,185,985, ,u3,shrub,622557.227,3849139.442,,,,
427,u3, ,60,50,45,6,1,R,330,810, ,u3,shrub,622558.677,3849137.692,,,,
428,u3, ,25,26,30,6,1,R,370,735, ,u3,shrub,622559.077,3849136.942,,,,
429,u3, ,25,22,38,6,1,R,410,775, ,u3,shrub,622559.477,3849137.342,,,,
430,u3, ,69,50,48,6,1,R,440,760, ,u3,shrub,622559.777,3849137.192,,,,
431,ephedra, ,110,120,65,6,1,R,635,740, ,ephedra,shrub,622561.727,3849136.992,,,,
432,ephedra, ,110,93,66,6,1,R,725,700, ,ephedra,shrub,622562.627,3849136.592,,,,
433,u3, ,40,26,33,6,1,R,750,950, ,u3,shrub,622562.877,3849139.092,,,old 441,
434,yuc.sch, ,80,58,63,6,1,R,850,975, ,yuc.sch,yucca,622563.877,3849139.342,,,622561.377,3849129.892
435,lar.tri, ,183,162,225,6,1,R,740,610, ,lar.tri,shrub,622562.777,3849135.692,,,622559.927,3849129.892
436,lar.tri, ,360,410,178,6,1,R,880,630,clump,lar.tri,shrub,622564.177,3849135.892,,,,
437,amb.sal, ,36,30,48,6,1,R,665,385, ,amb.sal,shrub,622562.027,3849133.442,,,,
438,u3, ,57,50,43,6,1,R,750,365, ,u3,shrub,622562.877,3849133.242,,,,
439,cyl.ech, ,35,42,58,6,1,R,880,140, ,cyl.ech,cactus,622561.727,3849130.842,,,622564.177,3849130.992
440,men.spi, ,36,46,35,6,1,R,880,135, ,men.spi,shrub,622561.727,3849130.792,,,622564.177,3849130.942
441,lar.tri, ,50,44,58,6,1,R,600,30, ,lar.tri,shrub,622562.127,3849130.442,,,,
442,ephedra, ,122,122,60,6,1,R,450,420, ,ephedra,shrub,622559.877,3849133.792,,,,
,eri.fas,,47,35,32,,,,,,,eri.fas,shrub,622559.427,3849135.542,,,,
443,eri.fas, ,100,90,40,6,1,R,370,250, ,eri.fas,shrub,622559.077,3849132.092,,,,
444,lar.tri, ,343,320,181,6,1,L,270,55, ,lar.tri,shrub,622568.077,3849130.142,,,,
445,eri.fas, ,30,29,26,6,1,L,395,200, ,eri.fas,shrub,622569.327,3849131.592,,,,
446,yuc.sch, ,125,116,140,6,1,L,225,675, ,yuc.sch,yucca,622567.627,3849136.342,,,,
447,ephedra, ,107,79,60,6,1,L,50,820, ,ephedra,shrub,622565.877,3849137.792,,,,
448,eri.fas, ,45,30,35,6,1,L,120,835, ,eri.fas,shrub,622566.577,3849137.942,,,,
449,yuc.sch, ,143,166,205,6,1,L,265,895, ,yuc.sch,yucca,622568.027,3849138.542,,,,
450,amb.sal, ,47,33,44,6,1,L,395,765, ,amb.sal,shrub,622569.327,3849137.242,,,,
451,u3, ,74,59,37,6,1,L,430,935, ,u3,shrub,622569.677,3849138.942,,,,
452,amb.sal, ,40,63,52,6,1,L,555,900, ,amb.sal,shrub,622570.927,3849138.592,,,,
453,u3, ,30,40,33,6,1,L,575,825, ,u3,shrub,622571.127,3849137.842,,,,
454,u3, ,47,65,37,6,1,L,575,825, ,u3,shrub,622571.127,3849137.842,,,,
455,u3, ,35,26,33,6,1,L,605,850, ,u3,shrub,622571.427,3849138.092,,,,
456,u3, ,47,58,50,6,1,L,635,925, ,u3,shrub,622571.727,3849138.842,,,,
457,ephedra, ,72,80,55,6,1,L,495,640, ,ephedra,shrub,622570.327,3849135.992,,,,
458,eri.fas, ,36,44,35,6,1,L,565,625, ,eri.fas,shrub,622571.027,3849135.842,,,,
459,u3, ,40,41,36,6,1,L,710,595, ,u3,shrub,622572.477,3849135.542,,,,
460,cyl.ech, ,44,53,56,6,1,L,860,730, ,cyl.ech,cactus,622573.977,3849136.892,,,,
461,u3, ,75,83,50,6,1,L,825,530, ,u3,shrub,622573.627,3849136.442,,,,
462,lar.tri, ,300,337,275,6,1,L,825,610, ,lar.tri,shrub,622573.627,3849135.692,,,,
463,u3, ,48,63,38,6,1,L,810,520, ,u3,shrub,622573.477,3849134.792,,,,
464,u3, ,53,70,43,6,1,L,745,415, ,u3,shrub,622572.827,3849133.742,,,,
465,cyl.ram, ,130,102,105,6,1,L,850,310, ,cyl.ram,cactus,622573.877,3849132.692,,,,
466,u3, ,40,40,47,6,1,L,850,415, ,u3,shrub,622573.877,3849133.742,,,,
