FID,MapID,Species,Transect,QN,QL,Width,Length,Height,sp_simp,Type,Notes,easting,northing,new easting,
0,1,sal.mex,4,8,R,102,98,68,sal.mex,shrub,,622472.644,3849246.302,,
1,2,blackbush,4,8,R,63,43,66,blackbush,shrub,,622473.694,3849247.602,,
2,3,eri.coo,4,8,R,20,34,18,eri.coo,shrub,,622474.294,3849246.552,,
3,4,eri.coo,4,8,R,53,40,32,eri.coo,shrub,,622474.294,3849248.402,,
4,5,ephedra,4,8,R,40,41,28,ephedra,shrub,,622473.744,3849248.502,,
5,6,u3,4,8,R,68,62,30,u3,shrub,,622470.944,3849249.352,,
6,7,ephedra,4,8,R,108,94,80,ephedra,shrub,,622471.744,3849250.152,,
7,8,amb.sal,4,8,R,100,80,87,amb.sal,shrub,,622470.744,3849250.552,,
,,cy.ram,4,8,R,15,5,8,cyl.ram,cactus,,622470.744,3849250.552,,
8,9,u3,4,8,R,37,24,33,u3,shrub,,622471.294,3849252.052,,
9,10,u3,4,8,R,74,88,55,u3,shrub,,622470.694,3849252.152,,
10,11,amb.sal,4,8,R,84,105,76,amb.sal,shrub,,622470.994,3849253.252,,
11,12,u3,4,8,R,59,42,39,u3,shrub,,622473.644,3849253.752,,
12,13,ephedra,4,8,R,110,95,50,ephedra,shrub,,622473.744,3849252.902,,
13,14,tha.mon,4,8,R,98,33,26,tha.mon,shrub,,622473.944,3849251.452,,
14,15,eri.coo,4,8,R,73,65,45,eri.coo,shrub,,622474.744,3849250.252,,
15,16,cyl.ram,4,8,R,59,44,83,cyl.ram,cactus,,622476.344,3849254.402,,
16,17,u3,4,8,R,67,44,45,u3,shrub,,622478.144,3849254.152,,
17,18,cyl.ech,4,8,R,29,26,28,cyl.ech,cactus,,622478.194,3849254.052,,
18,19,u3,4,8,R,32,27,30,u3,shrub,,622479.194,3849253.952,,
19,20,men.spi,4,8,R,42,20,22,men.spi,shrub,,622479.444,3849254.102,,
20,21,tha.mon,4,8,R,40,49,33,tha.mon,shrub,,622479.844,3849254.002,,
21,22,u3,4,8,R,33,28,26,u3,shrub,,622480.394,3849252.552,,
22,23,u3,4,8,R,76,46,41,u3,shrub,,622477.944,3849252.252,,
23,24,eri.coo,4,8,R,28,26,30,eri.coo,shrub,,622478.394,3849252.202,,
24,25,cyl.ram,4,8,R,41,36,50,cyl.ram,cactus,,622478.694,3849252.102,,
25,26,eri.coo,4,8,R,55,35,40,eri.coo,shrub,,622478.744,3849251.752,,
26,27,ephedra,4,8,R,65,58,42,ephedra,shrub,,622478.994,3849252.002,,
27,28,u3,4,8,R,82,85,32,u3,shrub,,622479.694,3849250.702,,
28,29,u3,4,8,R,92,70,41,u3,shrub,,622478.244,3849250.502,,
29,30,?,4,8,R,26,27,17,noID,shrub,,622477.294,3849250.052,,
30,31,?,4,8,R,22,16,18,noID,shrub,,622477.294,3849249.952,,
31,32,u3,4,8,R,31,23,30,u3,shrub,,622477.094,3849249.552,,
32,33,u3,4,8,R,66,40,52,u3,shrub,,622477.394,3849249.252,,
33,34,u3,4,8,R,72,40,48,u3,shrub,,622480.094,3849248.552,,
34,35,lar.tri,4,8,R,287,318,175,lar.tri,shrub,,622478.894,3849246.752,,
35,36,ephedra,4,8,R,93,64,48,ephedra,shrub,,622476.444,3849247.002,,
36,37,ephedra,4,8,R,103,69,46,ephedra,shrub,,622475.594,3849248.002,,
37,38,ephedra,4,8,R,70,70,45,ephedra,shrub,,622475.044,3849247.802,,
38,39,tha.mon,4,8,R,68,52,38,tha.mon,shrub,,622474.844,3849249.502,,
40,41,u3,4,8,L,39,50,45,u3,shrub,,622481.094,3849245.352,,
41,42,amb.sal,4,8,L,66,45,69,amb.sal,shrub,,622481.244,3849245.602,,
42,43,u3,4,8,L,45,36,40,u3,shrub,,622481.644,3849245.452,,
43,44,ephedra,4,8,L,125,99,50,ephedra,shrub,,622482.344,3849246.802,,
44,45,ephedra,4,8,L,82,92,56,ephedra,shrub,,622481.694,3849246.512,,
45,46,tha.mon,4,8,L,87,62,35,tha.mon,shrub,,622483.344,3849248.202,,
46,47,u3,4,8,L,96,66,41,u3,shrub,,622481.694,3849247.452,,
47,48,u3,4,8,L,75,72,43,u3,shrub,,622480.844,3849247.052,,
48,49,u3,4,8,L,65,43,53,u3,shrub,,622480.644,3849249.752,,
49,50,amb.sal,4,8,L,57,31,55,amb.sal,shrub,,622480.594,3849250.352,,
,,u3,,,,60,30,42,u3,shrub,,622480.594,3849250.352,,
50,51,amb.sal,4,8,L,60,54,40,amb.sal,shrub,,622483.244,3849251.352,,
51,52,amb.sal,4,8,L,67,75,50,amb.sal,shrub,,622483.394,3849252.202,,
52,53,amb.sal,4,8,L,43,33,40,amb.sal,shrub,,622483.844,3849252.502,,
53,54,u3,4,8,L,67,72,60,u3,shrub,,622482.344,3849252.252,,
54,55,ephedra,4,8,L,120,95,78,ephedra,shrub,,622481.294,3849252.602,,
55,56,u3,4,8,L,102,72,45,u3,shrub,,622481.994,3849254.652,,
56,57,ephedra,4,8,L,92,87,62,ephedra,shrub,,622483.694,3849253.602,,
57,58,amb.sal,4,8,L,53,32,61,amb.sal,shrub,,622484.894,3849254.402,,
58,59,amb.sal,4,8,L,47,46,49,amb.sal,shrub,,622485.344,3849253.602,,
59,60,amb.sal,4,8,L,48,50,45,amb.sal,shrub,,622484.944,3849251.352,,
,,u3,,,,40,31,35,u3,shrub,,622484.944,3849251.352,,
60,61,u3,4,8,L,60,50,45,u3,shrub,,622485.344,3849252.102,,
61,62,tha.mon,4,8,L,85,54,40,tha.mon,shrub,,622485.794,3849251.852,,
62,63,amb.sal,4,8,L,51,39,52,amb.sal,shrub,,622485.344,3849253.452,,
63,64,amb.sal,4,8,L,23,14,22,amb.sal,shrub,,622485.144,3849253.352,,
64,65,men.spi,4,8,L,52,52,30,men.spi,shrub,,622486.394,3849253.602,,
65,66,tha.mon,4,8,L,90,64,30,tha.mon,shrub,,622486.794,3849252.652,,
66,67,amb.sal,4,8,L,45,62,71,amb.sal,shrub,,622488.394,3849252.752,,
67,68,ephedra,4,8,L,132,98,60,ephedra,shrub,,622489.144,3849252.002,,
68,69,u3,4,8,L,80,70,40,u3,shrub,,622488.394,3849252.752,,
69,70,amb.sal,4,8,L,57,39,43,amb.sal,shrub,,622488.644,3849251.452,,
70,71,u3?,4,8,L,5,6,6,noID,shrub,,622488.394,3849251.852,,
71,72,cyl.ech,4,8,L,42,33,36,cyl.ech,cactus,,622488.144,3849250.552,,
72,73,ephedra,4,8,L,55,53,48,ephedra,shrub,,622490.094,3849249.852,,
73,74,amb.sal,4,8,L,61,86,63,amb.sal,shrub,,622488.694,3849249.552,,
74,75,amb.sal,4,8,L,61,64,56,amb.sal,shrub,,622487.844,3849249.002,,
75,76,u3,4,8,L,80,52,49,u3,shrub,,622489.144,3849249.302,,
76,77,amb.sal,4,8,L,61,48,52,amb.sal,shrub,,622489.994,3849248.852,,
77,78,tha.mon,4,8,L,77,73,35,tha.mon,shrub,,622489.394,3849248.452,,
78,79,lar.tri,4,8,L,245,255,230,lar.tri,shrub,,622489.894,3849247.452,,
79,80,amb.sal,4,8,L,60,56,54,amb.sal,shrub,,622488.844,3849246.452,,
80,81,amb.sal,4,8,L,46,40,33,amb.sal,shrub,,622488.044,3849246.052,,
81,82,amb.sal,4,8,L,125,63,74,amb.sal,shrub,,622488.144,3849245.802,,
82,83,amb.sal,4,8,L,70,74,40,amb.sal,shrub,,622489.044,3849245.152,,
83,84,amb.sal,4,8,L,20,17,20,amb.sal,shrub,,622488.194,3849248.352,,
84,85,amb.sal,4,8,L,88,78,48,amb.sal,shrub,,622488.494,3849244.752,,
85,86,amb.sal,4,8,L,70,63,55,amb.sal,shrub,,622486.394,3849246.002,,
,,u3,,,,67,49,50,u3,shrub,,622485.744,3849246.602,,
,,amb.sal,,,,80,60,69,amb.sal,shrub,,622485.544,3849246.602,,
86,87,u3,4,8,L,83,66,40,u3,shrub,,622486.294,3849245.402,,
87,88,ephedra,4,8,L,39,35,45,ephedra,shrub,,622486.094,3849244.752,,
88,89,ephedra,4,8,L,42,38,48,ephedra,shrub,,622485.894,3849245.002,,
90,91,amb.sal,4,8,L,132,107,65,amb.sal,shrub,,622485.494,3849249.952,,
91,92,ephedra,4,8,L,103,95,40,ephedra,shrub,,622486.594,3849249.552,,
93,94,amb.sal,4,8,L,103,94,68,amb.sal,shrub,,622484.794,3849248.602,,
94,95,u3,4,8,L,48,27,52,u3,shrub,,622484.394,3849249.202,,
95,96,amb.sal,4,8,L,34,37,23,amb.sal,shrub,,622484.044,3849249.602,,
96,97,ephedra,4,7,R,87,66,51,ephedra,shrub,,622474.194,3849255.452,,
97,98,u3,4,7,R,72,54,62,u3,shrub,,622474.094,3849256.552,,
98,99,ephedra,4,7,R,97,62,39,ephedra,shrub,,622474.694,3849257.452,,
99,100,amb.sal,4,7,R,124,90,75,amb.sal,shrub,,622474.144,3849258.152,,
100,101,u3,4,7,R,41,28,28,u3,shrub,,622471.644,3849257.402,,
101,102,u3,4,7,R,54,52,44,u3,shrub,,622470.794,3849258.302,,
102,103,u3,4,7,R,37,20,36,u3,shrub,,622472.044,3849258.602,,
103,104,u3,4,7,R,36,27,24,u3,shrub,,622471.594,3849260.002,,
104,105,u3,4,7,R,79,46,50,u3,shrub,,622471.344,3849260.602,,
,,u3,,,,49,42,54,u3,shrub,,622472.094,3849261.202,,
105,106,u3,4,7,R,23,16,21,u3,shrub,,622471.694,3849259.402,,
106,107,u3,4,7,R,50,36,51,u3,shrub,,622471.944,3849260.402,,
107,108,amb.sal,4,7,R,57,76,44,amb.sal,shrub,,622470.544,3849260.402,,
108,109,u3,4,7,R,26,27,23,u3,shrub,,622473.644,3849264.152,,
109,110,u3,4,7,R,50,46,32,u3,shrub,,622473.944,3849263.702,,
110,111,u3,4,7,R,121,97,60,u3,shrub,,622474.244,3849260.102,,
,,u3,4,7,R,36,26,40,u4,shrub,,622475.194,3849260.302,,
111,112,u3,4,7,R,76,66,58,u3,shrub,,622475.794,3849262.152,,
112,113,amb.sal,4,7,R,50,51,55,amb.sal,shrub,,622475.644,3849262.252,,
113,114,amb.sal,4,7,R,76,66,58,amb.sal,shrub,,622475.944,3849262.152,,
114,115,u3,4,7,R,86,64,49,u3,shrub,,622476.894,3849263.552,,
115,116,amb.sal,4,7,R,58,80,66,amb.sal,shrub,,622477.044,3849262.902,,
116,117,u3,4,7,R,51,46,45,u3,shrub,,622477.644,3849264.002,,
117,118,u3,4,7,R,75,75,55,u3,shrub,,622479.694,3849263.252,,
118,119,u3,4,7,R,51,49,48,u3,shrub,,622478.094,3849262.002,,
119,120,amb.sal,4,7,R,91,67,75,amb.sal,shrub,,622478.294,3849261.802,,
120,121,ephedra,4,7,R,107,75,46,ephedra,shrub,,622480.194,3849262.352,,
121,122,u3,4,7,R,83,64,51,u3,shrub,,622478.894,3849261.102,,
122,123,u3,4,7,R,26,22,16,u3,shrub,,622480.194,3849260.802,,
123,124,ephedra,4,7,R,92,104,50,ephedra,shrub,,622479.294,3849260.802,,
124,125,cyl.ech,4,7,R,41,36,62,cyl.ech,cactus,,622476.544,3849260.952,,
,,u3,,,,50,48,42,u3,shrub,,622476.444,3849259.552,,
125,126,ephedra,4,7,R,97,85,65,ephedra,shrub,,622477.194,3849258.052,,
126,127,u3,4,7,R,59,50,41,u3,shrub,,622478.044,3849258.352,,
127,128,u3,4,7,R,41,68,40,u3,shrub,,622477.894,3849257.052,,
128,129,u3,4,7,R,47,45,47,u3,shrub,,622479.994,3849257.902,,
130,131,u3,4,7,R,30,36,47,u3,shrub,,622477.244,3849255.252,,
131,132,amb.sal,4,7,R,64,44,87,amb.sal,shrub,,622477.344,3849255.402,,
132,133,u3,4,7,R,74,50,60,u3,shrub,,622477.344,3849256.452,,
133,134,u3,4,7,R,56,45,47,u3,shrub,,622476.644,3849254.752,,
134,135,u3,4,7,R,44,43,33,u3,shrub,,622476.644,3849255.202,,
135,136,u3,4,7,R,37,24,35,u3,shrub,,622475.944,3849256.102,,
136,137,u3,4,7,R,88,74,55,u3,shrub,,622475.494,3849255.702,,
137,138,u3,4,7,R,33,30,40,u3,shrub,,622475.494,3849254.852,,
138,139,u3,4,7,R,21,12,21,u3,shrub,,622475.194,3849256.202,,
139,140,ephedra,4,7,R,82,80,54,ephedra,shrub,,622475.344,3849257.652,,
140,141,yuc.sch,4,7,L,86,75,77,yuc.sch,yucca,,622485.144,3849256.052,,
141,142,tha.mon,4,7,L,110,90,54,tha.mon,shrub,,622485.244,3849256.302,,
142,143,tha.mon,4,7,L,44,33,33,tha.mon,shrub,,622484.594,3849255.152,,
143,144,ephedra,4,7,L,145,138,59,ephedra,shrub,,622483.794,3849254.752,,
144,145,ephedra,4,7,L,116,93,47,ephedra,shrub,,622482.894,3849256.602,,
145,146,amb.sal,4,7,L,99,78,65,amb.sal,shrub,,622482.344,3849257.802,,
146,147,u3,4,7,L,55,60,54,u3,shrub,,622482.294,3849261.802,,3849255.302
147,148,amb.sal,4,7,L,35,28,30,amb.sal,shrub,,622481.844,3849258.802,,
148,149,u3,4,7,L,67,60,40,u3,shrub,,622481.494,3849257.552,,
149,150,lar.tri,4,7,L,245,185,166,lar.tri,shrub,,622481.894,3849255.302,,
150,151,amb.sal,4,7,L,60,42,46,amb.sal,shrub,,622480.494,3849264.302,,
151,152,u3,4,7,L,99,100,56,u3,shrub,,622482.944,3849264.452,,
152,153,u3,4,7,L,81,36,33,u3,shrub,,622483.494,3849261.702,,
153,154,ephedra,4,7,L,115,87,47,ephedra,shrub,,622485.444,3849261.402,,
154,155,sal.mex,4,7,L,31,31,23,sal.mex,shrub,,622486.394,3849262.002,,
156,157,sal.mex,4,7,L,30,18,26,sal.mex,shrub,,622486.844,3849260.802,,
157,158,sal.mex,4,7,L,60,47,52,sal.mex,shrub,,622487.144,3849260.102,,
158,159,sal.mex,4,7,L,26,15,30,sal.mex,shrub,,622487.144,3849259.652,,
159,160,men.spi,4,7,L,100,95,45,men.spi,shrub,,622486.694,3849258.952,,
160,161,ephedra,4,7,L,100,139,79,ephedra,shrub,,622484.394,3849258.502,,
161,162,amb.sal,4,7,L,83,66,56,amb.sal,shrub,,622485.044,3849257.202,,
162,163,ephedra,4,7,L,160,163,82,ephedra,shrub,,622487.694,3849258.352,,
163,164,cyl.ech,4,7,L,45,31,24,cyl.ech,cactus,,622490.394,3849257.402,,
,,u3,,,,42,26,35,u3,shrub,,622490.394,3849257.402,,
164,165,u3,4,7,L,62,52,46,u3,shrub,,622489.894,3849254.902,,
165,166,amb.sal,4,7,L,155,130,103,amb.sal,shrub,,622488.994,3849255.352,,
166,167,u3,4,7,L,55,49,23,u3,shrub,,622488.094,3849254.702,,
167,168,ephedra,4,7,L,84,72,36,ephedra,shrub,,622487.894,3849255.702,,
168,169,u3,4,6,R,41,37,43,u3,shrub,,622475.944,3849265.702,,
169,170,sal.mex,4,6,R,15,6,22,sal.mex,shrub,,622475.944,3849265.702,,
170,171,sal.mex,4,6,R,7,8,18,sal.mex,shrub,,622475.594,3849265.902,,
171,172,sal.mex,4,6,R,10,5,22,sal.mex,shrub,,622475.394,3849265.902,,
172,173,sal.mex,4,6,R,15,10,27,sal.mex,shrub,,622475.194,3849265.852,,
173,174,u3,4,6,R,50,59,38,u3,shrub,,622475.094,3849265.452,,
174,175,u3,4,6,R,31,17,33,u3,shrub,,622474.894,3849265.802,,
175,176,sal.mex,4,6,R,20,12,41,sal.mex,shrub,,622474.894,3849265.652,,
176,177,sal.mex,4,6,R,20,15,36,sal.mex,shrub,,622474.844,3849265.502,,
177,178,sal.mex,4,6,R,9,5,18,sal.mex,shrub,,622474.644,3849265.852,,
178,179,sal.mex,4,6,R,13,11,32,sal.mex,shrub,,622474.744,3849265.652,,
179,180,sal.mex,4,6,R,12,10,16,sal.mex,shrub,,622474.344,3849265.902,,
180,181,u3,4,6,R,53,50,36,u3,shrub,,622474.194,3849266.402,,
181,182,sal.mex,4,6,R,32,22,50,sal.mex,shrub,,622473.444,3849265.252,,
182,183,u3,4,6,R,45,32,46,u3,shrub,,622473.244,3849265.502,,
183,184,tha.mon,4,6,R,58,46,28,tha.mon,shrub,,622473.494,3849266.802,,
184,185,sal.mex,4,6,R,14,6,45,sal.mex,shrub,,622473.294,3849267.052,,
185,186,u3,4,6,R,62,64,63,u3,shrub,,622473.044,3849266.752,,
186,187,u3,4,6,R,84,64,32,u3,shrub,,622472.694,3849266.102,,
187,188,u3,4,6,R,43,31,37,u3,shrub,,622472.344,3849264.652,,
188,189,ephedra,4,6,R,113,70,60,ephedra,shrub,,622471.594,3849267.852,,
189,190,ephedra,4,6,R,86,66,51,ephedra,shrub,,622472.194,3849268.902,,
190,191,u3,4,6,R,70,71,28,u3,shrub,,622473.144,3849269.152,,
191,192,lar.tri,4,6,R,457,460,225,lar.tri,shrub,,622471.594,3849269.752,,
192,193,u3,4,6,R,68,51,40,u3,shrub,,622472.244,3849274.152,,
193,194,tha.mon,4,6,R,50,60,36,tha.mon,shrub,,622473.844,3849272.402,,
195,196,u3,4,6,R,40,46,28,u3,shrub,,622474.394,3849271.952,,
196,197,ephedra,4,6,R,27,27,36,ephedra,shrub,,622475.344,3849273.702,,
197,198,ephedra,4,6,R,75,74,53,ephedra,shrub,,622475.594,3849273.402,,
198,199,?,4,6,R,143,112,115,noID,shrub,,622478.294,3849273.102,,
199,200,?,4,6,R,116,96,108,noID,shrub,,622479.094,3849273.302,,
200,201,tha.mon,4,6,R,31,28,24,tha.mon,shrub,,622480.094,3849271.602,,
201,202,u3,4,6,R,65,48,55,u3,shrub,,622480.194,3849271.302,,
202,203,u3,4,6,R,36,31,29,u3,shrub,,622479.894,3849270.552,,
203,204,ephedra,4,6,R,150,107,60,ephedra,shrub,,622476.694,3849269.752,,
,,u3,,,,39,24,28,u3,shrub,,622475.844,3849269.952,,
,,cyl.ech,,,,23,20,19,cyl.ech,cactus,,622475.394,3849269.602,,
,,u3,,,,42,39,38,u3,shrub,,622474.294,3849270.502,,
204,205,u3,4,6,R,66,61,40,u3,shrub,,622479.844,3849269.152,,
205,206,u3,4,6,R,44,31,36,u3,shrub,,622478.594,3849268.752,,
206,207,u3,4,6,R,54,42,47,u3,shrub,,622478.594,3849268.152,,
207,208,sal.mex,4,6,R,60,35,35,sal.mex,shrub,,622478.994,3849268.252,,
,,u3,,,,16,16,25,u3,shrub,,622478.994,3849268.252,,
208,209,u3,4,6,R,47,30,38,u3,shrub,,622479.694,3849268.102,,
209,210,?,4,6,R,90,65,42,noID,shrub,,622478.894,3849266.502,,
210,211,sal.mex,4,6,R,100,89,63,sal.mex,shrub,,622476.544,3849267.652,,
211,212,u3,4,6,R,48,27,26,u3,shrub,,622476.394,3849267.202,,
212,213,u3,4,6,L,63,45,45,u3,shrub,,622483.594,3849265.302,,
213,214,u3,4,6,L,69,45,45,u3,shrub,,622482.644,3849265.702,,
214,215,sal.mex,4,6,L,17,16,26,sal.mex,shrub,,622481.694,3849266.752,,
215,216,sal.mex,4,6,L,70,66,48,sal.mex,shrub,,622481.444,3849265.852,,
216,217,sal.mex,4,6,L,35,20,40,sal.mex,shrub,,622480.744,3849265.702,,
217,218,sal.mex,4,6,L,17,15,23,sal.mex,shrub,,622480.444,3849266.552,,
218,219,sal.mex,4,6,L,40,24,47,sal.mex,shrub,,622480.444,3849266.902,,
219,220,lar.tri,4,6,L,167,200,129,lar.tri,shrub,,622483.844,3849267.452,,
220,221,lar.tri,4,6,L,406,285,174,lar.tri,shrub,,622483.894,3849269.752,,
221,222,u3,4,6,L,59,68,40,u3,shrub,,622480.644,3849270.652,,
222,223,ephedra,4,6,L,130,106,70,ephedra,shrub,,622481.794,3849270.552,,
223,224,amb.sal,4,6,L,95,89,80,amb.sal,shrub,,622480.644,3849272.152,,
224,225,u3,4,6,L,65,39,30,u3,shrub,,622481.394,3849273.752,,
225,226,u3,4,6,L,38,36,29,u3,shrub,,622484.194,3849270.602,,
226,227,men.spi,4,6,L,46,19,20,men.spi,shrub,,622484.944,3849271.052,,
227,228,men.spi,4,6,L,44,49,25,men.spi,shrub,,622487.044,3849273.202,,
228,229,tha.mon,4,6,L,90,70,49,tha.mon,shrub,,622487.644,3849272.252,,
229,230,u3,4,6,L,75,71,48,u3,shrub,,622487.794,3849271.052,,
230,231,u3,4,6,L,80,60,61,u3,shrub,,622487.794,3849269.852,,
231,232,lar.tri,4,6,L,238,127,157,lar.tri,shrub,,622486.294,3849269.852,,
232,233,cyl.ech,4,6,L,50,39,56,cyl.ech,cactus,,622488.794,3849268.252,,
233,234,lar.tri,4,6,L,568,456,262,lar.tri,shrub,,622488.294,3849267.352,,
234,235,u3,4,6,L,75,54,41,u3,shrub,,622489.194,3849264.752,,
,,ephedra,,,,65,40,52,ephedra,shrub,,622487.994,3849264.002,,
235,236,u3,4,5,R,53,50,38,u3,shrub,,622474.444,3849275.552,,
236,237,lar.tri,4,5,R,420,433,205,lar.tri,shrub,,622474.494,3849278.152,,
237,238,lar.tri,4,5,R,102,94,135,lar.tri,shrub,,622473.244,3849280.152,,
238,239,lar.tri,4,5,R,454,529,214,lar.tri,shrub,,622472.794,3849282.752,,
239,240,u3,4,5,R,60,53,46,u3,shrub,,622475.194,3849282.552,,
240,241,u3,4,5,R,60,50,41,u3,shrub,,622476.294,3849284.552,,
241,242,u3,4,5,R,83,48,43,u3,shrub,,622477.194,3849283.952,,
242,243,cyl.ech,4,5,R,22,10,20,cyl.ech,cactus,,622477.294,3849283.852,,
243,244,u3,4,5,R,70,45,46,u3,shrub,,622479.294,3849283.452,,
244,245,ephedra,4,5,R,125,95,85,ephedra,shrub,,622479.444,3849282.302,,
245,246,cyl.ram,4,5,R,128,90,52,cyl.ram,cactus,,622477.994,3849280.002,,
246,247,lar.tri,4,5,R,106,80,38,lar.tri,shrub,,622479.344,3849279.502,,
247,248,u3,4,5,R,40,40,55,u3,shrub,,622480.094,3849279.102,,
248,249,u3,4,5,R,62,36,45,u3,shrub,,622477.394,3849274.752,,
249,250,lar.tri,4,5,R,398,403,223,lar.tri,shrub,,622478.244,3849278.952,,
250,251,cyl.ram,4,5,R,10,10,12,cyl.ram,cactus,,622471.544,3849277.802,,
251,252,amb.sal,4,5,L,62,54,53,amb.sal,shrub,,622481.944,3849275.302,,
252,253,amb.sal,4,5,L,73,62,71,amb.sal,shrub,,622481.344,3849276.652,,
253,254,amb.sal,4,5,L,85,72,64,amb.sal,shrub,,622483.594,3849276.902,,
254,255,u3,4,5,L,57,59,54,u3,shrub,,622483.294,3849277.752,,
255,256,u3,4,5,L,57,47,35,u3,shrub,,622483.894,3849278.002,,
256,257,sal.mex,4,5,L,55,61,59,sal.mex,shrub,,622485.044,3849276.752,,
257,258,amb.sal,4,5,L,61,50,41,amb.sal,shrub,,622481.994,3849277.602,,
258,259,amb.sal,4,5,L,73,60,49,amb.sal,shrub,,622482.644,3849278.352,,
259,260,u3,4,5,L,59,52,43,u3,shrub,,622482.694,3849279.002,,
260,261,amb.sal,4,5,L,52,32,61,amb.sal,shrub,,622482.144,3849282.602,,
261,262,u3,4,5,L,45,35,46,u3,shrub,,622483.394,3849283.052,,
262,263,amb.sal,4,5,L,75,61,53,amb.sal,shrub,,622483.594,3849282.802,,
263,264,u3,4,5,L,55,54,43,u3,shrub,,622481.644,3849282.802,,
264,265,ephedra,4,5,L,135,124,70,ephedra,shrub,,622484.544,3849283.552,,
265,266,amb.sal,4,5,L,85,76,63,amb.sal,shrub,,622486.344,3849282.702,,
266,267,ephedra,4,5,L,56,48,42,ephedra,shrub,,622486.494,3849282.002,,
267,268,cyl.ech,4,5,L,26,24,26,cyl.ech,cactus,,622486.744,3849281.602,,
268,269,amb.sal,4,5,L,63,54,50,amb.sal,shrub,,622486.844,3849283.652,,
269,270,amb.sal,4,5,L,55,50,33,amb.sal,shrub,,622487.744,3849284.252,,
270,271,amb.sal,4,5,L,20,15,18,amb.sal,shrub,,622488.794,3849283.252,,
271,272,amb.sal,4,5,L,28,30,45,amb.sal,shrub,,622489.044,3849282.952,,
272,273,amb.sal,4,5,L,28,17,41,amb.sal,shrub,,622489.144,3849283.052,,
273,274,u3,4,5,L,55,38,32,u3,shrub,,622488.994,3849279.002,,
274,275,u3,4,5,L,52,36,25,u3,shrub,,622490.144,3849279.402,,
275,276,u3,4,5,L,56,64,44,u3,shrub,,622489.444,3849278.852,,
276,277,amb.sal,4,5,L,46,35,38,amb.sal,shrub,,622488.944,3849278.352,,
277,278,lar.tri,4,5,L,457,287,234,lar.tri,shrub,,622487.044,3849279.402,,
278,279,ephedra,4,5,L,103,46,53,ephedra,shrub,,622487.194,3849279.402,,
279,280,ephedra,4,5,L,57,24,48,ephedra,shrub,,622487.494,3849279.752,,
280,281,ephedra,4,5,L,102,79,57,ephedra,shrub,,622487.694,3849279.752,,
281,282,u3,4,5,L,59,35,32,u3,shrub,,622490.244,3849274.952,,
282,283,u3,4,5,L,54,53,40,u3,shrub,,622487.394,3849275.302,,
283,284,lar.tri,4,4,R,380,315,240,lar.tri,shrub,,622472.594,3849285.652,,
284,285,u3,4,4,R,74,60,40,u3,shrub,,622470.744,3849287.752,,
285,286,u3,4,4,R,34,36,34,u3,shrub,,622473.144,3849287.752,,
286,287,ephedra,4,4,R,82,62,33,ephedra,shrub,,622472.194,3849289.152,,3849290.552
287,288,u3,4,4,R,83,58,51,u3,shrub,,622473.094,3849289.802,,3849289.802
288,289,ephedra,4,4,R,87,38,53,ephedra,shrub,,622472.344,3849290.552,,
289,290,ephedra,4,4,R,94,73,55,ephedra,shrub,,622471.644,3849290.552,,3849291.052
290,291,u3,4,4,R,90,52,39,u3,shrub,,622470.994,3849292.352,,
291,292,u3,4,4,R,92,59,33,u3,shrub,,622471.994,3849291.052,,
292,293,u3,4,4,R,66,60,44,u3,shrub,,622473.844,3849293.302,,
293,294,u3,4,4,R,59,34,32,u3,shrub,,622474.244,3849292.002,,
294,295,u3,4,4,R,46,40,34,u3,shrub,,622474.394,3849292.552,,
295,296,cyl.ech,4,4,R,50,42,29,cyl.ech,cactus,,622475.494,3849293.252,,
296,297,u3,4,4,R,64,53,43,u3,shrub,,622474.994,3849291.102,,
297,298,u3,4,4,R,64,62,51,u3,shrub,,622474.844,3849290.252,,
298,299,amb.sal,4,4,R,107,96,76,amb.sal,shrub,,622476.744,3849293.252,,
299,300,amb.sal,4,4,R,37,20,35,amb.sal,shrub,,622476.744,3849291.652,,
300,301,tha.mon,4,4,R,85,69,40,tha.mon,shrub,,622477.044,3849292.002,,
301,302,amb.sal,4,4,R,30,34,36,amb.sal,shrub,,622477.444,3849293.352,,
302,303,?,4,4,R,15,10,40,noID,shrub,,622476.794,3849291.652,,
303,304,u3,4,4,R,54,35,37,u3,shrub,,622478.944,3849291.702,,
304,305,amb.sal,4,4,R,81,60,69,amb.sal,shrub,,622479.494,3849291.852,,
305,306,u3,4,4,R,64,64,37,u3,shrub,,622479.744,3849292.552,,
306,307,amb.sal,4,4,R,74,50,54,amb.sal,shrub,,622479.944,3849291.552,,
307,308,amb.sal,4,4,R,107,74,58,amb.sal,shrub,,622478.344,3849290.652,,
308,309,cyl.aca,4,4,R,77,64,88,cyl.aca,cactus,,622478.194,3849290.552,,
309,310,lycium,4,4,R,105,87,72,lycium,shrub,,622478.344,3849290.202,,
310,311,u3,4,4,R,49,35,37,u3,shrub,,622478.844,3849289.652,,
311,312,lycium,4,4,R,74,75,90,lycium,shrub,,622478.094,3849289.352,,
312,313,amb.sal,4,4,R,40,30,23,amb.sal,shrub,,622479.994,3849289.152,,
313,314,u3,4,4,R,24,16,29,u3,shrub,,622479.144,3849290.602,,
314,315,u3,4,4,R,38,29,32,u3,shrub,,622479.444,3849286.302,,
,,ephedra,,,,89,79,76,ephedra,shrub,,622478.994,3849287.102,,
315,316,ephedra,4,4,R,75,75,55,ephedra,shrub,,622474.044,3849287.252,,
316,317,u3,4,4,R,60,46,46,u3,shrub,,622478.044,3849286.502,,
317,318,u3,4,4,R,48,60,45,u3,shrub,,622476.644,3849285.552,,
318,319,amb.sal,4,4,R,123,115,74,amb.sal,shrub,,622476.644,3849287.152,,
319,320,u3,4,4,R,83,47,42,u3,shrub,,622475.994,3849286.202,,
320,321,u3,4,4,R,79,46,50,u3,shrub,,622476.944,3849288.852,,
321,322,tha.mon,4,4,R,47,36,23,tha.mon,shrub,,622476.144,3849289.152,,
322,323,u3,4,4,R,34,30,32,u3,shrub,,622475.644,3849289.252,,
323,324,u3,4,4,R,45,41,36,u3,shrub,,622474.644,3849287.202,,
324,325,u3,4,4,R,60,39,47,u3,shrub,,622472.444,3849286.752,,
325,326,u3,4,4,L,81,66,44,u3,shrub,,622481.544,3849287.702,,
326,327,amb.sal,4,4,L,52,40,50,amb.sal,shrub,,622480.444,3849287.552,,
327,328,amb.sal,4,4,L,90,78,66,amb.sal,shrub,,622481.444,3849288.402,,
328,329,amb.sal,4,4,L,60,48,65,amb.sal,shrub,,622481.794,3849290.252,,
329,330,u3,4,4,L,60,64,55,u3,shrub,,622480.844,3849291.552,,
330,331,amb.sal,4,4,L,83,69,73,amb.sal,shrub,,622482.844,3849291.352,,
,,u3,,,,70,45,59,u3,shrub,,622482.244,3849291.002,,
331,332,u3,4,4,L,59,45,33,u3,shrub,,622480.844,3849291.552,,
332,333,amb.sal,4,4,L,78,42,54,amb.sal,shrub,,622482.294,3849291.952,,
333,334,cyl.ech,4,4,L,69,39,70,cyl.ech,cactus,,622481.244,3849292.402,,
334,335,u3,4,4,L,67,55,62,u3,shrub,,622481.894,3849290.302,,
335,336,tha.mon,4,4,L,43,42,39,tha.mon,shrub,,622480.744,3849293.652,,
336,337,u3,4,4,L,42,35,37,u3,shrub,,622481.044,3849294.452,,
337,338,u3,4,4,L,43,38,35,u3,shrub,,622483.644,3849293.302,,
338,339,u3,4,4,L,52,35,35,u3,shrub,,622484.694,3849294.502,,
339,340,u3,4,4,L,45,25,30,u3,shrub,,622484.744,3849294.002,,
340,341,u3,4,4,L,75,50,49,u3,shrub,,622484.944,3849292.502,,
341,342,u3,4,4,L,20,19,31,u3,shrub,,622485.744,3849294.502,,
342,343,u3,4,4,L,22,11,28,u3,shrub,,622485.694,3849292.602,,
343,344,u3,4,4,L,56,51,41,u3,shrub,,622487.244,3849293.402,,
344,345,u3,4,4,L,83,79,56,u3,shrub,,622487.094,3849292.252,,
345,346,amb.sal,4,4,L,80,52,55,amb.sal,shrub,,622487.544,3849291.202,,
346,347,u3,4,4,L,73,50,33,u3,shrub,,622488.144,3849294.152,,
347,348,u3,4,4,L,67,52,43,u3,shrub,,622488.294,3849292.252,,
348,349,u3,4,4,L,42,30,38,u3,shrub,,622488.644,3849292.302,,
349,350,u3,4,4,L,31,27,35,u3,shrub,,622488.944,3849292.402,,
350,351,amb.sal,4,4,L,89,75,46,amb.sal,shrub,,622489.444,3849294.402,,
351,352,u3,4,4,L,26,25,32,u3,shrub,,622490.094,3849294.402,,
352,353,u3,4,4,L,60,34,43,u3,shrub,,622489.794,3849293.002,,
353,354,amb.sal,4,4,L,81,69,60,amb.sal,shrub,,622490.244,3849292.502,,
354,355,u3,4,4,L,59,48,34,u3,shrub,,622488.694,3849291.852,,
355,356,cyl.ech,4,4,L,50,40,55,cyl.ech,cactus,,622488.744,3849290.552,,
356,357,u3,4,4,L,39,43,30,u3,shrub,,622490.044,3849289.502,,
357,358,u3,4,4,L,38,31,26,u3,shrub,,622489.944,3849288.802,,
358,359,tha.mon,4,4,L,53,48,39,tha.mon,shrub,,622487.894,3849287.052,,
359,360,amb.sal,4,4,L,92,88,44,amb.sal,shrub,,622487.344,3849286.952,,
360,361,amb.sal,4,4,L,44,50,46,amb.sal,shrub,,622486.894,3849286.552,,
361,362,amb.sal,4,4,L,88,65,82,amb.sal,shrub,,622485.844,3849286.102,,
362,363,u3,4,4,L,58,56,66,u3,shrub,,622485.794,3849287.152,,
363,364,lar.tri,4,4,L,450,360,264,lar.tri,shrub,,622485.044,3849286.452,,
364,365,cyl.aca,4,3,R,210,173,134,cyl.aca,cactus,,622470.694,3849296.552,,
365,366,u3,4,3,R,71,58,37,u3,shrub,,622474.544,3849295.002,,
366,367,u3,4,3,R,66,49,50,u3,shrub,,622474.644,3849296.602,,
367,368,u3,4,3,R,80,62,30,u3,shrub,,622475.244,3849296.202,,
368,369,u3,4,3,R,64,52,40,u3,shrub,,622475.544,3849294.952,,
369,370,u3,4,3,R,60,60,49,u3,shrub,,622475.544,3849297.702,,
370,371,u3,4,3,R,32,31,50,u3,shrub,,622474.994,3849298.402,,
371,372,u3,4,3,R,52,37,37,u3,shrub,,622474.944,3849299.352,,
372,373,ephedra,4,3,R,75,85,60,ephedra,shrub,,622474.994,3849298.402,,
373,374,ephedra,4,3,R,78,83,52,ephedra,shrub,,622473.994,3849298.702,,
374,375,amb.sal,4,3,R,57,68,45,amb.sal,shrub,,622471.744,3849302.902,,
375,376,ephedra,4,3,R,56,43,49,ephedra,shrub,,622472.244,3849303.902,,
376,377,ephedra,4,3,R,90,67,44,ephedra,shrub,,622472.844,3849302.052,,
377,378,ephedra,4,3,R,62,40,35,ephedra,shrub,,622473.194,3849302.402,,
378,379,u3,4,3,R,79,44,45,u3,shrub,,622473.544,3849303.102,,
379,380,u3,4,3,R,51,36,37,u3,shrub,,622473.494,3849301.402,,
380,381,u3,4,3,R,42,35,35,u3,shrub,,622474.194,3849301.152,,
381,382,u3,4,3,R,36,24,20,u3,shrub,,622474.494,3849301.802,,
382,383,u3,4,3,R,29,30,35,u3,shrub,,622475.194,3849303.102,,
383,384,u3,4,3,R,63,59,50,u3,shrub,,622475.294,3849302.652,,
384,385,tha.mon,4,3,R,30,27,33,tha.mon,shrub,,622475.594,3849302.802,,
385,386,u3,4,3,R,18,26,10,u3,shrub,,622475.444,3849303.502,,
386,387,u3,4,3,R,55,56,47,u3,shrub,,622476.344,3849302.952,,
387,388,tha.mon,4,3,R,71,50,37,tha.mon,shrub,,622477.344,3849302.952,,
388,389,u3,4,3,R,47,20,25,u3,shrub,,622477.194,3849304.052,,
389,390,u3,4,3,R,39,31,33,u3,shrub,,622477.244,3849304.502,,
390,391,cyl.ech,4,3,R,54,39,60,cyl.ech,cactus,,622477.294,3849304.502,,
391,392,u3,4,3,R,23,23,26,u3,shrub,,622478.144,3849303.702,,
392,393,ephedra,4,3,R,114,127,69,ephedra,shrub,,622478.594,3849301.502,,
393,394,u3,4,3,R,30,48,39,u3,shrub,,622479.494,3849301.052,,
394,395,u3,4,3,R,38,30,31,u3,shrub,,622479.244,3849298.902,,
395,396,u3,4,3,R,40,39,42,u3,shrub,,622480.294,3849297.952,,
396,397,u3,4,3,R,53,58,49,u3,shrub,,622479.594,3849298.152,,
397,398,amb.sal,4,3,R,115,97,79,amb.sal,shrub,,622478.894,3849297.852,,
398,399,ephedra,4,3,R,94,61,56,ephedra,shrub,,622478.044,3849298.302,,
399,400,u3,4,3,R,62,42,41,u3,shrub,,622479.644,3849295.652,,
400,401,u3,4,3,R,27,22,20,u3,shrub,,622479.644,3849295.002,,
401,402,u3,4,3,R,18,18,17,u3,shrub,,622478.444,3849294.752,,
402,403,amb.sal,4,3,R,80,57,45,amb.sal,shrub,,622478.394,3849295.402,,
403,404,u3,4,3,R,49,30,40,u3,shrub,,622477.644,3849297.002,,
404,405,u3,4,3,R,84,41,45,u3,shrub,,622477.294,3849296.252,,
405,406,u3,4,3,R,65,28,46,u3,shrub,,622476.994,3849295.152,,
406,407,amb.sal,4,3,R,109,70,67,amb.sal,shrub,,622476.444,3849294.802,,
407,408,amb.sal,4,3,R,109,66,70,amb.sal,shrub,,622476.444,3849295.252,,
408,409,lar.tri,4,3,R,324,285,219,lar.tri,shrub,,622475.844,3849299.402,,
,,u3,,,,,,,u3,shrub,,622475.844,3849299.402,missing dimensions,
409,410,cyl.ech,4,3,R,43,47,51,cyl.ech,cactus,,622475.844,3849299.402,,
410,411,lar.tri,4,3,L,324,285,219,lar.tri,shrub,,622482.544,3849294.752,,
411,412,lar.tri,4,3,L,310,150,160,lar.tri,shrub,,622481.594,3849297.002,,
412,413,u3,4,3,L,59,38,39,u3,shrub,,622480.694,3849296.952,,
413,414,u3,4,3,L,80,52,57,u3,shrub,,622482.394,3849297.402,,
414,415,u3,4,3,L,55,46,36,u3,shrub,,622483.194,3849297.502,,
415,416,u3,4,3,L,50,49,43,u3,shrub,,622483.744,3849296.002,,
416,417,tha.mon,4,3,L,80,56,37,tha.mon,shrub,,622483.594,3849296.502,,
417,418,u3,4,3,L,47,37,35,u3,shrub,,622483.944,3849296.952,,
418,419,u3,4,3,L,69,56,53,u3,shrub,,622481.094,3849299.852,,
419,420,amb.sal,4,3,L,83,73,57,amb.sal,shrub,,622480.744,3849300.502,,
420,421,amb.sal,4,3,L,60,73,50,amb.sal,shrub,,622481.144,3849300.852,,
421,422,u3,4,3,L,38,38,40,u3,shrub,,622481.344,3849302.302,,
422,423,u3,4,3,L,72,60,40,u3,shrub,,622480.494,3849304.102,,
423,424,ephedra,4,3,L,123,116,60,ephedra,shrub,,622482.194,3849303.702,,
424,425,u3,4,3,L,77,60,40,u3,shrub,,622484.244,3849304.002,,
425,426,u3,4,3,L,42,28,39,u3,shrub,,622484.744,3849303.402,,
426,427,cyl.ram,4,3,L,105,61,72,cyl.ram,cactus,,622484.944,3849303.752,,
427,428,u3,4,3,L,90,46,47,u3,shrub,,622484.344,3849302.552,,
428,429,amb.sal,4,3,L,125,86,75,amb.sal,shrub,,622484.544,3849302.102,,
429,430,u3,4,3,L,74,50,46,u3,shrub,,622485.444,3849301.952,,
432,433,u3,4,3,L,49,57,45,u3,shrub,,622484.894,3849300.102,,
433,434,u3,4,3,L,43,43,33,u3,shrub,,622485.194,3849299.652,,
434,435,amb.sal,4,3,L,60,54,56,amb.sal,shrub,,622486.544,3849304.502,,
435,436,u3,4,3,L,53,36,39,u3,shrub,,622486.444,3849302.552,,
436,437,amb.sal,4,3,L,89,96,64,amb.sal,shrub,,622487.194,3849302.202,,
437,438,u3,4,3,L,37,29,35,u3,shrub,,622487.944,3849304.202,,
438,439,sal.mex,4,3,L,80,57,55,sal.mex,shrub,,622488.444,3849302.102,,
439,440,u3,4,3,L,90,70,50,u3,shrub,,622488.994,3849304.352,,3849304.652
440,441,u3,4,3,L,65,60,38,u3,shrub,,622488.044,3849301.152,,
441,442,u3,4,3,L,36,29,42,u3,shrub,,622489.844,3849300.752,,
442,443,u3,4,3,L,30,25,26,u3,shrub,,622489.994,3849299.702,,
443,444,u3,4,3,L,33,21,25,u3,shrub,,622489.794,3849299.702,,
444,445,u3,4,3,L,42,35,34,u3,shrub,,622488.744,3849299.502,,
445,446,u3,4,3,L,48,39,36,u3,shrub,,622488.394,3849299.402,,
446,447,u3,4,3,L,25,15,38,u3,shrub,,622489.294,3849297.352,,
447,448,u3,4,3,L,77,37,40,u3,shrub,,622490.044,3849296.252,,
448,449,u3,4,3,L,39,34,25,u3,shrub,,622488.644,3849296.002,,
449,450,u3,4,3,L,72,55,48,u3,shrub,,622487.344,3849296.852,,
452,453,u3,4,3,L,42,28,27,u3,shrub,,622485.394,3849297.552,,
453,454,amb.sal,4,3,L,46,22,47,amb.sal,shrub,,622487.344,3849294.752,,
454,455,amb.sal,4,2,R,29,24,20,amb.sal,shrub,,622474.294,3849307.752,,
455,456,u3,4,2,R,103,66,59,u3,shrub,,622473.994,3849308.902,,
456,457,amb.sal,4,2,R,116,104,69,amb.sal,shrub,,622473.094,3849308.602,,
457,458,amb.sal,4,2,R,130,82,66,amb.sal,shrub,,622472.794,3849306.852,,
458,459,u3,4,2,R,27,22,29,u3,shrub,,622472.844,3849307.652,,
459,460,cyl.ech,4,2,R,49,30,40,cyl.ech,cactus,,622471.844,3849307.052,,
460,461,u3,4,2,R,40,37,43,u3,shrub,,622471.894,3849307.402,,
461,462,amb.sal,4,2,R,103,81,68,amb.sal,shrub,,622471.594,3849307.352,,
462,463,u3,4,2,R,101,87,34,u3,shrub,,622471.544,3849306.202,,
463,464,u3,4,2,R,89,45,43,u3,shrub,,622470.844,3849307.752,,
464,465,cyl.ech,4,2,R,15,14,18,cyl.ech,cactus,,622470.844,3849307.802,,
465,466,u3,4,2,R,78,72,47,u3,shrub,,622470.894,3849309.652,,
466,467,amb.sal,4,2,R,53,50,61,amb.sal,shrub,,622472.594,3849312.202,,
467,468,u3,4,2,R,50,53,50,u3,shrub,,622472.994,3849312.202,,
468,469,amb.sal,4,2,R,33,40,44,amb.sal,shrub,,622473.144,3849310.702,,3849312.202
469,470,ephedra,4,2,R,89,80,52,ephedra,shrub,,622471.294,3849311.802,,
470,471,ephedra,4,2,R,61,46,39,ephedra,shrub,,622471.294,3849312.352,,
471,472,u3,4,2,R,95,65,48,u3,shrub,,622470.944,3849313.302,,
472,473,amb.sal,4,2,R,110,80,54,amb.sal,shrub,,622471.594,3849313.802,,
473,474,amb.sal,4,2,R,77,55,46,amb.sal,shrub,,622472.544,3849315.602,,
474,475,amb.sal,4,2,R,72,66,65,amb.sal,shrub,,622470.694,3849316.652,,
475,476,amb.sal,4,2,R,83,42,56,amb.sal,shrub,,622473.694,3849314.252,,
476,477,ephedra,4,2,R,90,50,50,ephedra,shrub,,622473.894,3849314.652,,
477,478,u3,4,2,R,52,34,39,u3,shrub,,622474.594,3849313.702,,
478,479,u3,4,2,R,75,50,39,u3,shrub,,622474.944,3849313.952,,
479,480,amb.sal,4,2,R,69,50,39,amb.sal,shrub,,622474.594,3849313.102,,
480,481,amb.sal,4,2,R,76,88,42,amb.sal,shrub,,622473.994,3849312.252,,
481,482,ephedra,4,2,R,49,43,30,ephedra,shrub,,622474.244,3849314.002,,
482,483,amb.sal?,4,2,R,13,12,15,noID,shrub,,622473.594,3849316.102,,
483,484,u3,4,2,R,85,93,49,u3,shrub,,622476.394,3849315.202,,
484,485,amb.sal,4,2,R,36,34,35,amb.sal,shrub,,622476.594,3849314.752,,
485,486,u3,4,2,R,87,57,46,u3,shrub,,622476.994,3849314.252,,
486,487,u3,4,2,R,34,27,29,u3,shrub,,622479.844,3849315.702,,
487,488,lar.tri,4,2,R,310,320,180,lar.tri,shrub,,622478.544,3849315.502,,
488,489,amb.sal,4,2,R,123,102,67,amb.sal,shrub,,622479.394,3849312.302,,
489,490,u3,4,2,R,23,16,25,u3,shrub,,622477.544,3849313.152,,
490,491,u3,4,2,R,76,54,43,u3,shrub,,622477.194,3849313.152,,
491,492,amb.sal,4,2,R,76,56,41,amb.sal,shrub,,622475.994,3849313.152,,
492,493,u3,4,2,R,54,36,40,u3,shrub,,622476.244,3849311.952,,
493,494,ephedra,4,2,R,46,26,42,ephedra,shrub,,622476.244,3849312.002,,
494,495,cyl.ech,4,2,R,38,34,23,cyl.ech,cactus,,622479.544,3849311.402,,
495,496,ephedra,4,2,R,132,85,59,ephedra,shrub,,622477.644,3849311.352,,
496,497,ephedra,4,2,R,90,62,43,ephedra,shrub,,622479.244,3849310.502,,
497,498,u3,4,2,R,60,44,31,u3,shrub,,622479.594,3849309.602,,
498,499,u3,4,2,R,60,44,31,u3,shrub,,622478.594,3849309.602,,
499,500,u3,4,2,R,75,56,42,u3,shrub,,622477.994,3849309.752,,
500,501,ephedra,4,2,R,59,52,31,ephedra,shrub,,622478.094,3849308.702,,
501,502,cyl.ram,4,2,R,90,84,85,cyl.ram,cactus,,622477.544,3849306.902,,
502,503,u3,4,2,R,47,33,43,u3,shrub,,622476.544,3849306.002,,
503,504,amb.sal,4,2,R,34,76,70,amb.sal,shrub,,622476.594,3849306.702,,
504,505,ephedra,4,2,R,80,70,46,ephedra,shrub,,622475.944,3849306.202,,
505,506,amb.sal,4,2,R,67,68,53,amb.sal,shrub,,622475.494,3849305.902,,
506,507,yuc.sch,4,2,R,63,63,57,yuc.sch,yucca,,622475.294,3849306.402,,
507,508,yuc.sch,4,2,R,45,49,50,yuc.sch,yucca,,622474.944,3849306.352,,
508,509,yuc.sch,4,2,R,30,17,32,yuc.sch,yucca,,622475.094,3849306.552,,
509,510,amb.sal,4,2,R,68,56,40,amb.sal,shrub,,622475.844,3849308.002,,
510,511,ephedra,4,2,R,79,53,47,ephedra,shrub,,622476.644,3849309.502,,
511,512,u3,4,2,R,90,64,48,u3,shrub,,622474.794,3849310.102,,
512,513,u3,4,2,R,110,70,50,u3,shrub,,622473.994,3849310.752,,
513,514,u3,4,2,R,32,22,29,u3,shrub,,622473.644,3849311.452,,
514,515,amb.sal,4,2,L,114,87,53,amb.sal,shrub,,622485.844,3849306.352,,
515,516,u3,4,2,L,84,52,53,u3,shrub,,622484.694,3849306.252,,
516,517,u3,4,2,L,63,44,52,u3,shrub,,622483.144,3849306.602,,
517,518,lar.tri,4,2,L,390,448,275,lar.tri,shrub,,622481.694,3849309.252,,
518,519,u3,4,2,L,67,36,59,u3,shrub,,622482.444,3849308.552,,
519,520,cyl.aca,4,2,L,21,5,52,cyl.aca,cactus,,622480.744,3849311.402,,
520,521,amb.sal,4,2,L,65,64,60,amb.sal,shrub,,622482.544,3849311.602,,
521,522,u3,4,2,L,62,20,26,u3,shrub,,622481.444,3849312.302,,
522,523,amb.sal,4,2,L,63,53,45,amb.sal,shrub,,622483.094,3849313.052,,
523,524,u3,4,2,L,38,25,31,u3,shrub,,622480.744,3849313.052,,
524,525,u3,4,2,L,30,27,32,u3,shrub,,622481.294,3849314.102,,
525,526,u3,4,2,L,47,51,40,u3,shrub,,622481.594,3849314.852,,
526,527,u3,4,2,L,41,20,36,u3,shrub,,622481.894,3849315.602,,
527,528,u3,4,2,L,68,62,37,u3,shrub,,622483.144,3849315.502,,
528,529,u3?,4,2,L,45,19,37,noID,shrub,,622483.744,3849314.702,,
529,530,u3,4,2,L,29,24,32,u3,shrub,,622484.494,3849315.502,,
530,531,amb.sal,4,2,L,95,76,68,amb.sal,shrub,,622484.444,3849316.352,,
531,532,amb.sal,4,2,L,94,71,70,amb.sal,shrub,,622485.294,3849316.552,,
532,533,u3,4,2,L,25,21,32,u3,shrub,,622485.244,3849316.052,,
533,534,u3,4,2,L,55,56,34,u3,shrub,,622485.394,3849314.902,,
534,535,u3,4,2,L,51,51,43,u3,shrub,,622485.444,3849314.102,,
535,536,u3,4,2,L,45,26,37,u3,shrub,,622484.944,3849312.552,,
536,537,u3,4,2,L,50,47,33,u3,shrub,,622485.194,3849316.602,,
537,538,u3,4,2,L,65,27,45,u3,shrub,,622486.544,3849316.652,,
538,539,amb.sal,4,2,L,59,40,47,amb.sal,shrub,,622487.644,3849315.452,,
540,541,u3,4,2,L,50,56,52,u3,shrub,,622486.344,3849313.402,,
541,542,u3,4,2,L,71,44,45,u3,shrub,,622486.894,3849313.602,,
542,543,cyl.ech,4,2,L,73,50,76,cyl.ech,cactus,,622487.044,3849313.602,,
,,u3,,,,48,36,36,u3,shrub,,622487.044,3849315.102,,
543,544,u3,4,2,L,23,17,19,u3,shrub,,622487.244,3849312.952,,
544,545,u3,4,2,L,55,54,27,u3,shrub,,622489.394,3849316.402,,
545,546,ephedra,4,2,L,130,73,62,ephedra,shrub,,622489.694,3849315.102,,
546,547,u3,4,2,L,50,41,52,u3,shrub,,622489.694,3849313.352,,
547,548,u3,4,2,L,88,55,48,u3,shrub,,622489.394,3849314.052,,
548,549,u3,4,2,L,51,40,50,u3,shrub,,622488.794,3849313.502,,
549,550,amb.sal,4,2,L,98,77,76,amb.sal,shrub,,622488.094,3849314.002,,
550,551,amb.sal,4,2,L,116,61,66,amb.sal,shrub,,622487.444,3849313.452,,
551,552,yuc.sch,4,2,L,113,120,96,yuc.sch,yucca,,622488.844,3849313.302,,
552,553,amb.sal,4,2,L,107,93,62,amb.sal,shrub,,622487.394,3849312.052,,
553,554,u3,4,2,L,54,36,36,u3,shrub,,622489.944,3849311.552,,
554,555,amb.sal,4,2,L,44,25,33,amb.sal,shrub,,622490.244,3849310.102,,
555,556,u3,4,2,L,44,25,33,u3,shrub,,622490.244,3849310.102,,
556,557,u3,4,2,L,100,72,38,u3,shrub,,622488.944,3849309.352,,
557,558,u3,4,2,L,71,52,54,u3,shrub,,622489.344,3849307.902,,
558,559,u3,4,2,L,77,61,50,u3,shrub,,622488.144,3849304.652,,
559,560,ephedra,4,2,L,127,118,76,ephedra,shrub,,622487.044,3849307.552,,
560,561,u3,4,2,L,56,63,39,u3,shrub,,622486.344,3849307.502,,
561,562,u3,4,2,L,37,39,35,u3,shrub,,622486.294,3849308.002,,
563,564,u3,4,2,L,60,61,38,u3,shrub,,622485.194,3849309.752,,
564,565,u3,4,2,L,55,48,36,u3,shrub,,622484.844,3849310.352,,
567,568,u3,4,1,R,76,45,44,u3,shrub,,622475.094,3849318.002,,
568,569,u3,4,1,R,80,65,51,u3,shrub,,622474.594,3849316.202,,
569,570,u3,4,1,R,72,67,51,u3,shrub,,622474.244,3849317.952,,
570,571,u3,4,1,R,83,48,41,u3,shrub,,622473.244,3849318.502,,
571,572,u3,4,1,R,66,35,30,u3,shrub,,622473.144,3849316.302,,
572,573,u3,4,1,R,40,30,45,u3,shrub,,622473.844,3849319.452,,
573,574,amb.sal,4,1,R,90,62,61,amb.sal,shrub,,622471.244,3849316.002,,
574,575,ephedra,4,1,R,167,125,85,ephedra,shrub,,622471.644,3849317.052,,
575,576,ephedra,4,1,R,117,98,76,ephedra,shrub,,622471.694,3849318.052,,
576,577,u3,4,1,R,57,26,49,u3,shrub,,622472.094,3849318.202,,
577,578,u3,4,1,R,93,56,64,u3,shrub,,622471.844,3849319.152,,
578,579,u3,4,1,R,45,36,34,u3,shrub,,622471.344,3849319.352,,
579,580,u3,4,1,R,53,38,50,u3,shrub,,622470.794,3849319.852,,
580,581,u3,4,1,R,56,45,47,u3,shrub,,622472.044,3849320.002,,
581,582,u3?,4,1,R,52,40,36,noID,shrub,,622471.244,3849318.952,,
582,583,u3,4,1,R,43,46,33,u3,shrub,,622473.594,3849321.602,,
583,584,ephedra,4,1,R,183,138,100,ephedra,shrub,,622473.244,3849322.352,,
584,585,amb.sal,4,1,R,60,77,55,amb.sal,shrub,,622472.044,3849323.502,,
585,586,amb.sal,4,1,R,74,55,60,amb.sal,shrub,,622470.644,3849324.752,,
586,587,u3,4,1,R,52,43,44,u3,shrub,,622473.144,3849316.702,,
587,588,u3,4,1,R,49,43,50,u3,shrub,,622472.344,3849324.602,,
588,589,cyl.ram,4,1,R,100,83,59,cyl.ram,cactus,,622472.944,3849324.452,,
589,590,cyl.aca,4,1,R,14,14,25,cyl.aca,cactus,,622472.344,3849323.452,,
590,591,amb.sal,4,1,R,98,90,87,amb.sal,shrub,,622474.194,3849324.002,,
591,592,u3,4,1,R,45,24,39,u3,shrub,,622474.144,3849322.352,,
592,593,u3,4,1,R,135,99,64,u3,shrub,,622475.194,3849322.452,,
593,594,u3,4,1,R,79,55,49,u3,shrub,,622474.794,3849325.702,,
594,595,ephedra,4,1,R,71,43,54,ephedra,shrub,,622476.544,3849325.552,,
595,596,u3,4,1,R,49,39,46,u3,shrub,,622476.594,3849325.302,,
596,597,amb.sal,4,1,R,40,41,31,amb.sal,shrub,,622476.694,3849323.052,,
597,598,amb.sal,4,1,R,57,42,52,amb.sal,shrub,,622476.394,3849321.602,,
598,599,u3,4,1,R,66,49,47,u3,shrub,,622476.744,3849321.702,,
599,600,u3,4,1,R,78,35,43,u3,shrub,,622477.694,3849321.902,,
600,601,amb.sal,4,1,R,78,35,43,amb.sal,shrub,,622477.694,3849321.902,,
601,602,u3,4,1,R,92,58,39,u3,shrub,,622477.644,3849323.702,,
602,603,u3,4,1,R,61,56,44,u3,shrub,,622478.744,3849324.052,,
603,604,u3,4,1,R,43,36,44,u3,shrub,,622478.544,3849322.652,,
604,605,ephedra,4,1,R,117,125,73,ephedra,shrub,,622478.894,3849322.802,,
605,606,cyl.ram,4,1,R,134,122,104,cyl.ram,cactus,,622479.594,3849324.302,,
606,607,u3,4,1,R,85,75,42,u3,shrub,,622479.644,3849321.052,,
607,608,ephedra,4,1,R,104,107,66,ephedra,shrub,,622476.094,3849320.702,,
608,609,u3,4,1,R,46,33,32,u3,shrub,,622475.344,3849320.652,,
609,610,amb.sal,4,1,R,60,40,54,amb.sal,shrub,,622475.494,3849320.202,,
610,611,u3,4,1,R,75,70,38,u3,shrub,,622476.694,3849320.102,,
611,612,amb.sal,4,1,R,81,50,56,amb.sal,shrub,,622479.044,3849319.452,,
612,613,u3,4,1,R,81,50,56,u3,shrub,,622479.094,3849319.152,,
613,614,u3,4,1,R,89,65,45,u3,shrub,,622479.044,3849316.602,,
614,615,u3,4,1,R,57,43,33,u3,shrub,,622479.044,3849316.602,,
615,616,u3,4,1,R,76,50,49,u3,shrub,,622478.744,3849316.152,,
616,617,amb.sal,4,1,R,42,27,36,amb.sal,shrub,,622477.394,3849315.852,,
617,618,amb.sal,4,1,R,88,72,56,amb.sal,shrub,,622477.244,3849316.602,,
618,619,u3?,4,1,R,42,40,32,noID,shrub,,622477.344,3849317.452,,
619,620,u3,4,1,R,57,60,41,u3,shrub,,622477.044,3849317.752,,
620,621,amb.sal,4,1,R,94,84,58,amb.sal,shrub,,622477.194,3849318.502,,
621,622,ephedra,4,1,R,12,7,20,ephedra,shrub,,622476.794,3849316.152,,
622,623,ephedra,4,1,R,19,14,40,ephedra,shrub,,622476.744,3849316.352,,
623,624,u3,4,1,R,7,3,12,u3,shrub,,622476.694,3849316.102,,
624,625,ephedra,4,1,R,52,47,42,ephedra,shrub,,622476.344,3849316.052,,
625,626,u3?,4,1,R,33,19,11,noID,shrub,,622476.544,3849317.552,,
626,627,u3,4,1,R,82,65,50,u3,shrub,,622476.344,3849318.152,,
627,628,u3,4,1,R,71,60,41,u3,shrub,,622475.944,3849317.152,,
628,629,u3,4,1,R,35,31,35,u3,shrub,,622474.744,3849316.202,,
629,630,ephedra,4,1,L,140,105,96,ephedra,shrub,,622483.694,3849316.602,,
630,631,amb.sal,4,1,L,66,39,56,amb.sal,shrub,,622483.444,3849316.202,,
631,632,amb.sal,4,1,L,90,83,65,amb.sal,shrub,,622483.694,3849318.152,,
632,633,u3,4,1,L,63,44,33,u3,shrub,,622483.444,3849317.902,,
633,634,cyl.ram,4,1,L,23,16,33,cyl.ram,cactus,,622483.444,3849318.802,,
634,635,u3,4,1,L,30,10,42,u3,shrub,,622481.994,3849316.452,,
635,636,amb.sal,4,1,L,72,80,60,amb.sal,shrub,,622481.744,3849317.552,,
636,637,amb.sal,4,1,L,111,72,70,amb.sal,shrub,,622480.994,3849317.502,,
637,638,u3,4,1,L,79,59,48,u3,shrub,,622480.444,3849319.452,,
638,639,u3,4,1,L,86,66,46,u3,shrub,,622484.144,3849319.952,,
,,u3,,,,40,35,35,u4,shrub,,622485.544,3849320.252,,
639,640,u3,4,1,L,58,43,39,u3,shrub,,622484.194,3849320.752,,
640,641,ephedra,4,1,L,59,40,42,ephedra,shrub,,622484.544,3849320.752,,
641,642,u3,4,1,L,35,23,24,u3,shrub,,622482.194,3849321.002,,
642,643,u3,4,1,L,40,35,46,u3,shrub,,622482.594,3849321.102,,
643,644,amb.sal,4,1,L,100,75,85,amb.sal,shrub,,622483.144,3849321.152,,
644,645,u3,4,1,L,35,30,46,u3,shrub,,622483.394,3849321.302,,
645,646,u3,4,1,L,80,73,56,u3,shrub,,622481.244,3849323.402,,
646,647,u3,4,1,L,46,30,38,u3,shrub,,622481.294,3849324.452,,
647,648,u3,4,1,L,40,21,43,u3,shrub,,622483.044,3849323.302,,
648,649,u3,4,1,L,70,55,60,u3,shrub,,622483.394,3849324.102,,
649,650,u3,4,1,L,52,42,33,u3,shrub,,622483.894,3849324.502,,
650,651,u3,4,1,L,72,69,53,u3,shrub,,622483.994,3849323.502,,
651,652,ephedra,4,1,L,164,140,80,ephedra,shrub,,622484.894,3849322.352,,
652,653,ephedra,4,1,L,35,20,21,ephedra,shrub,,622482.944,3849325.552,,
653,654,u3,4,1,L,68,49,48,u3,shrub,,622485.694,3849323.952,,
654,655,u3,4,1,L,81,59,49,u3,shrub,,622486.494,3849322.602,,
655,656,u3,4,1,L,42,43,22,u3,shrub,,622486.094,3849321.602,,
656,657,u3,4,1,L,63,30,38,u3,shrub,,622486.444,3849321.102,,
657,658,u3,4,1,L,34,26,27,u3,shrub,,622486.094,3849320.052,,
658,659,cyl.aca,4,1,L,129,136,108,cyl.aca,cactus,,622486.894,3849322.852,,
659,660,amb.sal,4,1,L,112,90,70,amb.sal,shrub,,622490.094,3849323.702,,
660,661,cyl.aca,4,1,L,8,5,31,cyl.aca,cactus,,622489.944,3849323.602,,
661,662,u3,4,1,L,85,50,38,u3,shrub,,622488.194,3849322.052,,
662,663,u3,4,1,L,36,43,32,u3,shrub,,622488.894,3849321.802,,
663,664,amb.sal,4,1,L,110,80,73,amb.sal,shrub,,622489.994,3849321.302,,
664,665,amb.sal,4,1,L,72,6,65,amb.sal,shrub,,622487.144,3849320.302,,
665,666,cyl.ech,4,1,L,37,26,46,cyl.ech,cactus,,622487.144,3849320.302,,
666,667,u3,4,1,L,45,36,36,u3,shrub,,622487.394,3849320.052,,
667,668,u3,4,1,L,50,37,31,u3,shrub,,622486.694,3849319.702,,
668,669,u3,4,1,L,87,63,46,u3,shrub,,622488.544,3849319.802,,
669,670,u3,4,1,L,61,32,42,u3,shrub,,622490.044,3849320.502,,
670,671,u3,4,1,L,63,57,38,u3,shrub,,622490.044,3849318.252,,
671,672,u3,4,1,L,88,53,50,u3,shrub,,622488.944,3849317.752,,
672,673,u3,4,1,L,57,55,34,u3,shrub,,622489.844,3849317.102,,
673,674,ephedra,4,1,L,45,31,26,ephedra,shrub,,622488.644,3849317.202,,
674,675,u3,4,1,L,65,60,43,u3,shrub,,622488.094,3849315.952,,3849315.452
675,676,u3,4,1,L,63,50,39,u3,shrub,,622486.894,3849318.152,,
676,677,u3,4,1,L,55,56,39,u3,shrub,,622486.494,3849318.302,,
677,678,ephedra,4,1,L,55,46,33,ephedra,shrub,,622486.744,3849317.052,,
678,679,u3,4,1,L,56,56,54,u3,shrub,,622486.744,3849316.052,,
679,680,u3,4,1,L,19,19,30,u3,shrub,,622486.244,3849315.802,,
680,681,u3,4,1,L,66,30,38,u3,shrub,,622485.694,3849316.652,,
681,682,u3,4,1,L,25,26,33,u3,shrub,,622485.544,3849315.952,,
682,683,u3,4,1,L,43,30,29,u3,shrub,,622484.894,3849319.052,,
