,names,Joincount,Expected,Variance,z.value,p,transect
1,amb.sal:amb.sal,19.39166667,13.0659824,3.502287355,3.38011614,0.000724552,4
2,cyl.aca:cyl.aca,0,0.014662757,0.005764241,-0.193127694,0.846858964,4
3,cyl.ech:cyl.ech,0,0.224340176,0.085125031,-0.768915142,0.441943688,4
4,cyl.ram:cyl.ram,0,0.052785924,0.020527812,-0.368423055,0.712557809,4
5,ephedra:ephedra,9.033333333,4.633431085,1.471244185,3.62744343,0.000286241,4
6,eri.coo:eri.coo,0,0.014662757,0.005764241,-0.193127694,0.846858964,4
7,lar.tri:lar.tri,1.083333333,0.307917889,0.115877051,2.277905636,0.0227322,4
8,men.spi:men.spi,0,0.008797654,0.003467887,-0.149394439,0.881242399,4
9,noID:noID,1.766666667,0.338709677,0.127113269,4.005158277,6.20E-05,4
10,sal.mex:sal.mex,6.466666667,0.439882698,0.163716481,14.89496285,3.55E-50,4
11,tha.mon:tha.mon,0.916666667,0.278592375,0.10513064,1.967916162,0.049077685,4
12,u3:u3,87.80833333,82.03079179,9.864304841,1.839542536,0.065835428,4
13,yuc.sch:yuc.sch,1.166666667,0.014662757,0.005764241,15.1733992,5.31E-52,4
14,cyl.aca:amb.sal,0.833333333,0.982404692,0.31843101,-0.264171847,0.791647504,4
15,cyl.ech:amb.sal,5.533333333,3.536656891,1.130558155,1.877851478,0.060401486,4
16,cyl.ech:cyl.aca,0.416666667,0.131964809,0.050836573,1.262705771,0.206694939,4
17,cyl.ram:amb.sal,1.541666667,1.768328446,0.570746052,-0.300024579,0.764158407,4
18,cyl.ram:cyl.aca,0.333333333,0.065982405,0.025731047,1.666682863,0.095577482,4
19,cyl.ram:cyl.ech,0,0.237536657,0.091022954,-0.787327058,0.431090434,4
20,ephedra:amb.sal,13.175,15.71847507,4.689935079,-1.174475794,0.240204502,4
21,ephedra:cyl.aca,0.416666667,0.586510264,0.206788601,-0.373495937,0.708779369,4
22,ephedra:cyl.ech,0.833333333,2.11143695,0.732905476,-1.49293906,0.13545314,4
23,ephedra:cyl.ram,0.625,1.055718475,0.370445099,-0.707671285,0.479149413,4
24,eri.coo:amb.sal,0,0.982404692,0.31843101,-1.740935778,0.081694836,4
25,eri.coo:cyl.aca,0,0.036656891,0.014372251,-0.305768852,0.759780646,4
26,eri.coo:cyl.ech,0,0.131964809,0.050836573,-0.585288512,0.558353738,4
27,eri.coo:cyl.ram,0.75,0.065982405,0.025731047,4.264209629,2.01E-05,4
28,eri.coo:ephedra,1.416666667,0.586510264,0.206788601,1.825562157,0.067916241,4
29,lar.tri:amb.sal,1.291666667,4.126099707,1.314732423,-2.471994585,0.013436155,4
30,lar.tri:cyl.aca,0,0.153958944,0.059066078,-0.633484302,0.526417429,4
31,lar.tri:cyl.ech,0.833333333,0.554252199,0.209006745,0.610450323,0.541563541,4
32,lar.tri:cyl.ram,1.666666667,0.2771261,0.105760304,4.272773634,1.93E-05,4
33,lar.tri:ephedra,2.166666667,2.463343109,0.851951219,-0.321422073,0.747890558,4
34,lar.tri:eri.coo,0,0.153958944,0.059066078,-0.633484302,0.526417429,4
35,men.spi:amb.sal,0.375,0.785923754,0.255014782,-0.813726705,0.415801532,4
36,men.spi:cyl.aca,0,0.029325513,0.011513245,-0.273304473,0.784619178,4
37,men.spi:cyl.ech,0,0.105571848,0.040722912,-0.523152987,0.600867794,4
38,men.spi:cyl.ram,0,0.052785924,0.020612338,-0.367666866,0.71312165,4
39,men.spi:ephedra,0.5,0.469208211,0.165628034,0.075660289,0.93968937,4
40,men.spi:eri.coo,0,0.029325513,0.011513245,-0.273304473,0.784619178,4
41,men.spi:lar.tri,0.833333333,0.123167155,0.047314933,3.264832239,0.001095289,4
42,noID:amb.sal,2.6,4.322580645,1.375853871,-1.468565793,0.141950599,4
43,noID:cyl.aca,0,0.161290323,0.061793801,-0.64883737,0.5164435,4
44,noID:cyl.ech,0.35,0.580645161,0.218664355,-0.493236663,0.621845375,4
45,noID:cyl.ram,0,0.290322581,0.110645253,-0.872799367,0.382772445,4
46,noID:ephedra,1.541666667,2.580645161,0.891435979,-1.100427612,0.271145854,4
47,noID:eri.coo,1,0.161290323,0.061793801,3.373954324,0.000740967,4
48,noID:lar.tri,0.666666667,0.677419355,0.254087134,-0.021331712,0.982981047,4
49,noID:men.spi,0,0.129032258,0.049499884,-0.57995755,0.561943245,4
50,sal.mex:amb.sal,1.125,4.91202346,1.558408295,-3.033593395,0.002416599,4
51,sal.mex:cyl.aca,0,0.183284457,0.069930636,-0.693093618,0.488250803,4
52,sal.mex:cyl.ech,0,0.659824047,0.247476226,-1.326359943,0.1847205,4
53,sal.mex:cyl.ram,0,0.329912023,0.125217596,-0.93232099,0.351170663,4
54,sal.mex:ephedra,1.5,2.93255132,1.0092988,-1.425936909,0.153886554,4
55,sal.mex:eri.coo,0.291666667,0.183284457,0.069930636,0.409849359,0.681916455,4
56,sal.mex:lar.tri,0,0.769794721,0.287571554,-1.435495934,0.151145826,4
57,sal.mex:men.spi,0.375,0.146627566,0.05601757,0.964898318,0.334595744,4
58,sal.mex:noID,1.875,0.806451613,0.300863602,1.948091573,0.051404007,4
59,tha.mon:amb.sal,4.083333333,3.929618768,1.253475987,0.137295724,0.89079705,4
60,tha.mon:cyl.aca,0,0.146627566,0.056330632,-0.617793469,0.536711489,4
61,tha.mon:cyl.ech,0.375,0.527859238,0.199322309,-0.342384215,0.732061766,4
62,tha.mon:cyl.ram,0,0.263929619,0.100861605,-0.83104625,0.405947502,4
63,tha.mon:ephedra,1.583333333,2.346041056,0.812367881,-0.84621705,0.397431672,4
64,tha.mon:eri.coo,0.5,0.146627566,0.056330632,1.48888226,0.136518376,4
65,tha.mon:lar.tri,0.375,0.615835777,0.23160901,-0.500429932,0.616772381,4
66,tha.mon:men.spi,1,0.117302053,0.045123787,4.155366605,3.25E-05,4
67,tha.mon:noID,0.833333333,0.64516129,0.242311962,0.382267761,0.702262765,4
68,tha.mon:sal.mex,0.416666667,0.73313783,0.274242975,-0.604319193,0.545631448,4
69,u3:amb.sal,63.70833333,65.82111437,13.87346966,-0.567233597,0.570555485,4
70,u3:cyl.aca,2.791666667,2.45601173,0.53608127,0.458434952,0.646639985,4
71,u3:cyl.ech,9.433333333,8.841642229,1.923211966,0.426659543,0.669627322,4
72,u3:cyl.ram,4.541666667,4.420821114,0.9639185,0.123086526,0.902038581,4
73,u3:ephedra,37.80833333,39.29618768,8.406002723,-0.513175195,0.607828776,4
74,u3:eri.coo,0.5,2.45601173,0.53608127,-2.671505902,0.007551174,4
75,u3:lar.tri,9.458333333,10.31524927,2.241948668,-0.572302161,0.567117286,4
76,u3:men.spi,0.833333333,1.964809384,0.428979214,-1.727536536,0.084071349,4
77,u3:noID,10.9,10.80645161,2.348080038,0.061049183,0.95132004,4
78,u3:sal.mex,8.783333333,12.28005865,2.66613155,-2.141513078,0.032232685,4
79,u3:tha.mon,8.325,9.824046921,2.1357602,-1.025743992,0.305012272,4
80,yuc.sch:amb.sal,1.083333333,0.982404692,0.31843101,0.178857332,0.858049726,4
81,yuc.sch:cyl.aca,0,0.036656891,0.014372251,-0.305768852,0.759780646,4
82,yuc.sch:cyl.ech,0,0.131964809,0.050836573,-0.585288512,0.558353738,4
83,yuc.sch:cyl.ram,0,0.065982405,0.025731047,-0.411338549,0.680824306,4
84,yuc.sch:ephedra,0,0.586510264,0.206788601,-1.289770143,0.197130477,4
85,yuc.sch:eri.coo,0,0.036656891,0.014372251,-0.305768852,0.759780646,4
86,yuc.sch:lar.tri,0,0.153958944,0.059066078,-0.633484302,0.526417429,4
87,yuc.sch:men.spi,0,0.029325513,0.011513245,-0.273304473,0.784619178,4
88,yuc.sch:noID,0,0.161290323,0.061793801,-0.64883737,0.5164435,4
89,yuc.sch:sal.mex,0,0.183284457,0.069930636,-0.693093618,0.488250803,4
90,yuc.sch:tha.mon,0.75,0.146627566,0.056330632,2.542220124,0.011015078,4
91,yuc.sch:u3,0.916666667,2.45601173,0.53608127,-2.102425747,0.035515998,4
92,Jtot,213.8666667,240.0747801,18.73483601,-6.054953485,1.40E-09,4
93,,NA,NA,NA,NA,NA,4
94,amb.dum:amb.dum,0,0.010889292,0.004266197,-0.166716727,0.867592944,5
95,amb.sal:amb.sal,4.133333333,2.500907441,0.825682175,1.796499167,0.072415165,5
96,cyl.ech:cyl.ech,0.416666667,0.381125227,0.140942759,0.094670274,0.92457673,5
97,cyl.ram:cyl.ram,0,0.310344828,0.115559778,-0.912937741,0.361275287,5
98,dense.u3:dense.u3,0.333333333,0.01814882,0.007086556,3.744098365,0.000181043,5
99,ephedra:ephedra,7.108333333,6.02722323,1.784906489,0.809211771,0.418393345,5
100,eri.coo:eri.coo,0,0,0,NA,NA,5
101,eri.fas:eri.fas,0,0.010889292,0.004266197,-0.166716727,0.867592944,5
102,lar.tri:lar.tri,1.333333333,1.415607985,0.489791561,-0.117560224,0.906416123,5
103,men.spi:men.spi,0.291666667,0.277676951,0.103750859,0.043432321,0.965356914,5
104,noID:noID,1.416666667,0.190562613,0.071935491,4.571468388,4.84E-06,5
105,PG:PG,0,0.01814882,0.007086556,-0.215591077,0.829306512,5
106,sal.mex:sal.mex,0.291666667,0.010889292,0.004266197,4.298744488,1.72E-05,5
107,tha.mon:tha.mon,1.141666667,1.01814882,0.35984321,0.205907921,0.836862838,5
108,u2:u2,0,0,0,NA,NA,5
109,u3:u3,52.65,49.05263158,7.289486998,1.332405556,0.182726957,5
110,yuc.sch:yuc.sch,0,0.141560799,0.053802799,-0.610296064,0.541665704,5
111,amb.sal:amb.dum,0.708333333,0.384754991,0.137974421,0.871124356,0.383686257,5
112,cyl.ech:amb.dum,0.625,0.152450091,0.057842956,1.964818519,0.049435246,5
113,cyl.ech:amb.sal,1.541666667,2.019963702,0.705685116,-0.569366893,0.56910718,5
114,cyl.ram:amb.dum,0,0.137931034,0.052513577,-0.601902563,0.547238998,5
115,cyl.ram:amb.sal,1.058333333,1.827586207,0.64046542,-0.961216648,0.336443247,5
116,cyl.ram:cyl.ech,0,0.724137931,0.268088966,-1.398562333,0.161944268,5
117,dense.u3:amb.dum,0,0.036297641,0.014149971,-0.305141036,0.760258738,5
118,dense.u3:amb.sal,0.5,0.480943739,0.172206393,0.045921183,0.963373071,5
119,dense.u3:cyl.ech,0.266666667,0.190562613,0.072186764,0.283255923,0.776980663,5
120,dense.u3:cyl.ram,0,0.172413793,0.065535426,-0.673494328,0.500632856,5
121,ephedra:amb.dum,1.041666667,0.595281307,0.202238598,0.992608339,0.320900859,5
122,ephedra:amb.sal,6.183333333,7.887477314,2.493794753,-1.07913538,0.280527381,5
123,ephedra:cyl.ech,3.333333333,3.12522686,1.036202236,0.204438802,0.838010611,5
124,ephedra:cyl.ram,3.6,2.827586207,0.940235959,0.796584024,0.425692659,5
125,ephedra:dense.u3,1.541666667,0.744101633,0.252440399,1.587401098,0.112421831,5
126,eri.coo:amb.dum,0,0.007259528,0.002848886,-0.13601,0.891813376,5
127,eri.coo:amb.sal,0,0.096188748,0.034650585,-0.516736317,0.60534024,5
128,eri.coo:cyl.ech,0,0.038112523,0.014530898,-0.316170591,0.751873028,5
129,eri.coo:cyl.ram,0,0.034482759,0.013192321,-0.300221225,0.764008416,5
130,eri.coo:dense.u3,0,0.00907441,0.003555145,-0.152191276,0.879036075,5
131,eri.coo:ephedra,0,0.148820327,0.050774359,-0.660450129,0.508965012,5
132,eri.fas:amb.dum,0,0.029038113,0.011338869,-0.272698981,0.785084618,5
133,eri.fas:amb.sal,0.375,0.384754991,0.137974421,-0.026261987,0.979048375,5
134,eri.fas:cyl.ech,0,0.152450091,0.057842956,-0.633873281,0.526163524,5
135,eri.fas:cyl.ram,0,0.137931034,0.052513577,-0.601902563,0.547238998,5
136,eri.fas:dense.u3,0,0.036297641,0.014149971,-0.305141036,0.760258738,5
137,eri.fas:ephedra,0.75,0.595281307,0.202238598,0.344041447,0.730815116,5
138,eri.fas:eri.coo,0,0.007259528,0.002848886,-0.13601,0.891813376,5
139,lar.tri:amb.dum,0,0.290381125,0.106587591,-0.889436732,0.373768412,5
140,lar.tri:amb.sal,1.041666667,3.847549909,1.304393917,-2.456774032,0.014019084,5
141,lar.tri:cyl.ech,0.375,1.524500907,0.544753383,-1.55743292,0.119367735,5
142,lar.tri:cyl.ram,1.375,1.379310345,0.494450809,-0.006129859,0.995109111,5
143,lar.tri:dense.u3,0,0.362976407,0.133026765,-0.995196597,0.319640657,5
144,lar.tri:ephedra,7.558333333,5.952813067,1.919325524,1.158888018,0.246501834,5
145,lar.tri:eri.coo,0.416666667,0.072595281,0.026771532,2.102867673,0.035477338,5
146,lar.tri:eri.fas,0,0.290381125,0.106587591,-0.889436732,0.373768412,5
147,men.spi:amb.dum,0,0.130671506,0.049834718,-0.585349018,0.558313061,5
148,men.spi:amb.sal,1.408333333,1.731397459,0.607698592,-0.414423735,0.67856381,5
149,men.spi:cyl.ech,1.991666667,0.686025408,0.254399972,2.588602316,0.009636631,5
150,men.spi:cyl.ram,0,0.620689655,0.230941228,-1.291587317,0.196500099,5
151,men.spi:dense.u3,0,0.163339383,0.062192105,-0.654972826,0.51248525,5
152,men.spi:ephedra,2.433333333,2.67876588,0.892038112,-0.259860607,0.794971298,5
153,men.spi:eri.coo,0,0.032667877,0.012519455,-0.291963252,0.770314721,5
154,men.spi:eri.fas,0,0.130671506,0.049834718,-0.585349018,0.558313061,5
155,men.spi:lar.tri,1.016666667,1.306715064,0.469174887,-0.423450929,0.671966293,5
156,noID:amb.dum,0,0.108892922,0.041741466,-0.532986,0.594043272,5
157,noID:amb.sal,1.208333333,1.442831216,0.50877019,-0.328759338,0.7423376,5
158,noID:cyl.ech,0.708333333,0.57168784,0.213052358,0.296041189,0.767198626,5
159,noID:cyl.ram,1.25,0.517241379,0.193409928,1.666178608,0.095677845,5
160,noID:dense.u3,0,0.136116152,0.052091534,-0.596384148,0.550918628,5
161,noID:ephedra,2.516666667,2.2323049,0.746585733,0.329102636,0.742078112,5
162,noID:eri.coo,0,0.02722323,0.010486546,-0.265841898,0.790360974,5
163,noID:eri.fas,0.833333333,0.108892922,0.041741466,3.545837417,0.000391368,5
164,noID:lar.tri,0.416666667,1.08892922,0.392848585,-1.072571675,0.283463339,5
165,noID:men.spi,1.166666667,0.490018149,0.183537534,1.579431111,0.114237206,5
166,PG:amb.dum,0,0.036297641,0.014149971,-0.305141036,0.760258738,5
167,PG:amb.sal,1.25,0.480943739,0.172206393,1.853247733,0.063846859,5
168,PG:cyl.ech,0.416666667,0.190562613,0.072186764,0.841549293,0.400040282,5
169,PG:cyl.ram,0,0.172413793,0.065535426,-0.673494328,0.500632856,5
170,PG:dense.u3,0,0.045372051,0.017658044,-0.341442132,0.732770762,5
171,PG:ephedra,0.916666667,0.744101633,0.252440399,0.34345779,0.731254091,5
172,PG:eri.coo,0,0.00907441,0.003555145,-0.152191276,0.879036075,5
173,PG:eri.fas,0,0.036297641,0.014149971,-0.305141036,0.760258738,5
174,PG:lar.tri,0,0.362976407,0.133026765,-0.995196597,0.319640657,5
175,PG:men.spi,0,0.163339383,0.062192105,-0.654972826,0.51248525,5
176,PG:noID,0,0.136116152,0.052091534,-0.596384148,0.550918628,5
177,sal.mex:amb.dum,0,0.029038113,0.011338869,-0.272698981,0.785084618,5
178,sal.mex:amb.sal,1.541666667,0.384754991,0.137974421,3.114590213,0.001842006,5
179,sal.mex:cyl.ech,0,0.152450091,0.057842956,-0.633873281,0.526163524,5
180,sal.mex:cyl.ram,0,0.137931034,0.052513577,-0.601902563,0.547238998,5
181,sal.mex:dense.u3,0,0.036297641,0.014149971,-0.305141036,0.760258738,5
182,sal.mex:ephedra,0.833333333,0.595281307,0.202238598,0.529346273,0.596565261,5
183,sal.mex:eri.coo,0,0.007259528,0.002848886,-0.13601,0.891813376,5
184,sal.mex:eri.fas,0.541666667,0.029038113,0.011338869,4.814131222,1.48E-06,5
185,sal.mex:lar.tri,0,0.290381125,0.106587591,-0.889436732,0.373768412,5
186,sal.mex:men.spi,0,0.130671506,0.049834718,-0.585349018,0.558313061,5
187,sal.mex:noID,0,0.108892922,0.041741466,-0.532986,0.594043272,5
188,sal.mex:PG,0.333333333,0.036297641,0.014149971,2.497070812,0.012522395,5
189,tha.mon:amb.dum,0,0.246823956,0.091562941,-0.815694327,0.414674984,5
190,tha.mon:amb.sal,3.85,3.270417423,1.119409454,0.547798497,0.583830271,5
191,tha.mon:cyl.ech,0.708333333,1.295825771,0.467811168,-0.858948228,0.39036908,5
192,tha.mon:cyl.ram,2.766666667,1.172413793,0.424630223,2.446536827,0.014423606,5
193,tha.mon:dense.u3,0,0.308529946,0.114273085,-0.912694319,0.361403332,5
194,tha.mon:ephedra,4.141666667,5.059891107,1.646026927,-0.715698951,0.474177259,5
195,tha.mon:eri.coo,0.416666667,0.061705989,0.022999091,2.340587671,0.019253417,5
196,tha.mon:eri.fas,0.416666667,0.246823956,0.091562941,0.561289663,0.574600087,5
197,tha.mon:lar.tri,3.333333333,2.468239564,0.863618898,0.930898039,0.351906309,5
198,tha.mon:men.spi,1.333333333,1.110707804,0.402931396,0.350719094,0.725799099,5
199,tha.mon:noID,1.083333333,0.925589837,0.337401492,0.271567606,0.78595451,5
200,tha.mon:PG,0.5,0.308529946,0.114273085,0.566407357,0.571116895,5
201,tha.mon:sal.mex,0,0.246823956,0.091562941,-0.815694327,0.414674984,5
202,u2:amb.dum,0,0.007259528,0.002848886,-0.13601,0.891813376,5
203,u2:amb.sal,0,0.096188748,0.034650585,-0.516736317,0.60534024,5
204,u2:cyl.ech,0,0.038112523,0.014530898,-0.316170591,0.751873028,5
205,u2:cyl.ram,0,0.034482759,0.013192321,-0.300221225,0.764008416,5
206,u2:dense.u3,0,0.00907441,0.003555145,-0.152191276,0.879036075,5
207,u2:ephedra,0,0.148820327,0.050774359,-0.660450129,0.508965012,5
208,u2:eri.coo,0,0.001814882,0.000715799,-0.067834833,0.945917115,5
209,u2:eri.fas,0,0.007259528,0.002848886,-0.13601,0.891813376,5
210,u2:lar.tri,0.833333333,0.072595281,0.026771532,4.649417318,3.33E-06,5
211,u2:men.spi,0,0.032667877,0.012519455,-0.291963252,0.770314721,5
212,u2:noID,0,0.02722323,0.010486546,-0.265841898,0.790360974,5
213,u2:PG,0,0.00907441,0.003555145,-0.152191276,0.879036075,5
214,u2:sal.mex,0,0.007259528,0.002848886,-0.13601,0.891813376,5
215,u2:tha.mon,0,0.061705989,0.022999091,-0.406885288,0.684092242,5
216,u3:amb.dum,1.083333333,1.691470054,0.408484771,-0.951509861,0.341345615,5
217,u3:amb.sal,24.075,22.41197822,5.245020139,0.726146681,0.467748854,5
218,u3:cyl.ech,10.64166667,8.880217786,2.121532765,1.209330963,0.22653572,5
219,u3:cyl.ram,8.291666667,8.034482759,1.921931512,0.185513209,0.852826521,5
220,u3:dense.u3,1.75,2.114337568,0.510283663,-0.51003282,0.610028469,5
221,u3:ephedra,28.60833333,34.67513612,7.961650523,-2.150098331,0.031547438,5
222,u3:eri.coo,0.291666667,0.422867514,0.102314573,-0.410173775,0.681678477,5
223,u3:eri.fas,1.541666667,1.691470054,0.408484771,-0.234387097,0.814684475,5
224,u3:lar.tri,18.54166667,16.91470054,3.992025057,0.814295211,0.415475853,5
225,u3:men.spi,8.441666667,7.611615245,1.821937505,0.614947811,0.538589187,5
226,u3:noID,3.375,6.343012704,1.521181962,-2.406440744,0.016108817,5
227,u3:PG,1.333333333,2.114337568,0.510283663,-1.093320664,0.274253033,5
228,u3:sal.mex,0.791666667,1.691470054,0.408484771,-1.40786071,0.159172319,5
229,u3:tha.mon,12.325,14.37749546,3.406371174,-1.112080489,0.266103545,5
230,u3:u2,0.416666667,0.422867514,0.102314573,-0.019385735,0.98453339,5
231,yuc.sch:amb.dum,0,0.094373866,0.036298735,-0.495342965,0.620358047,5
232,yuc.sch:amb.sal,0.833333333,1.250453721,0.442294656,-0.627199309,0.530528596,5
233,yuc.sch:cyl.ech,0,0.495462795,0.185253419,-1.151139436,0.249674876,5
234,yuc.sch:cyl.ram,0,0.448275862,0.168175972,-1.093108776,0.274346043,5
235,yuc.sch:dense.u3,0,0.117967332,0.04529898,-0.554265117,0.579397419,5
236,yuc.sch:ephedra,2.666666667,1.934664247,0.648901782,0.908705242,0.363505736,5
237,yuc.sch:eri.coo,0,0.023593466,0.009119347,-0.247064234,0.804858513,5
238,yuc.sch:eri.fas,0,0.094373866,0.036298735,-0.495342965,0.620358047,5
239,yuc.sch:lar.tri,0.416666667,0.943738657,0.341548937,-0.90186902,0.36712645,5
240,yuc.sch:men.spi,0.333333333,0.424682396,0.159592585,-0.22866397,0.819130101,5
241,yuc.sch:noID,0.375,0.353901996,0.133663771,0.057707799,0.953981382,5
242,yuc.sch:PG,0.416666667,0.117967332,0.04529898,1.403427701,0.160489337,5
243,yuc.sch:sal.mex,0,0.094373866,0.036298735,-0.495342965,0.620358047,5
244,yuc.sch:tha.mon,0.5,0.802177858,0.293353705,-0.557913474,0.57690347,5
245,yuc.sch:u2,0,0.023593466,0.009119347,-0.247064234,0.804858513,5
246,yuc.sch:u3,7.375,5.497277677,1.320033665,1.634326662,0.102190278,5
247,Jtot,206.8833333,214.615245,12.83997056,-2.157768607,0.030945827,5
248,,NA,NA,NA,NA,NA,5
249,amb.sal:amb.sal,6.325,2.124463519,0.693493113,5.044099962,4.56E-07,6
250,cyl.aca:cyl.aca,0,0,0,NA,NA,6
251,cyl.ech:cyl.ech,0.75,0.450643777,0.162766697,0.742002751,0.458085669,6
252,cyl.ram:cyl.ram,0.25,0.32832618,0.120053759,-0.226057576,0.82115664,6
253,ephedra:ephedra,20.33333333,9.991416309,2.568865522,6.452534928,1.10E-10,6
254,eri.fas:eri.fas,5.5,2.221030043,0.721883187,3.859259429,0.000113731,6
255,lar.tri:lar.tri,2.666666667,2.319742489,0.750702348,0.400406095,0.688857435,6
256,men.spi:men.spi,0,0.045064378,0.017226554,-0.343347727,0.73133688,6
257,noID:noID,2.833333333,0.25751073,0.094930553,8.360128344,6.27E-17,6
258,PG:PG,0.5,0.32832618,0.120053759,0.495468659,0.62026934,6
259,sal.mex:sal.mex,0,0,0,NA,NA,6
260,tha.mon:tha.mon,0,0.060085837,0.022877092,-0.397257137,0.691177852,6
261,u2:u2,0,0,0,NA,NA,6
262,u3:u3,23.78333333,19.69957082,4.146396214,2.005511142,0.044908431,6
263,yuc.sch:yuc.sch,0,0.021459227,0.008268777,-0.235989909,0.813440501,6
264,cyl.aca:amb.sal,0,0.096566524,0.034382376,-0.520785223,0.602516399,6
265,cyl.ech:amb.sal,1.616666667,2.027896996,0.696190804,-0.492857076,0.622113579,6
266,cyl.ech:cyl.aca,0,0.045064378,0.016878108,-0.346873802,0.728686129,6
267,cyl.ram:amb.sal,1.416666667,1.738197425,0.600057145,-0.415074658,0.67808725,6
268,cyl.ram:cyl.aca,0,0.038626609,0.014556199,-0.320156697,0.748849547,6
269,cyl.ram:cyl.ech,0.291666667,0.811158798,0.294019496,-0.958056032,0.338034505,6
270,ephedra:amb.sal,6.75,9.36695279,2.76220078,-1.574592818,0.115350462,6
271,ephedra:cyl.aca,1,0.208154506,0.065776524,3.087485961,0.002018573,6
272,ephedra:cyl.ech,2.208333333,4.371244635,1.339361556,-1.868916057,0.061634494,6
273,ephedra:cyl.ram,2.375,3.746781116,1.153417176,-1.277296179,0.201497702,6
274,eri.fas:amb.sal,3.125,4.442060086,1.454239469,-1.092163415,0.27476128,6
275,eri.fas:cyl.aca,0,0.098712446,0.035070401,-0.527110353,0.598116958,6
276,eri.fas:cyl.ech,4.058333333,2.072961373,0.710190546,2.355886917,0.018478542,6
277,eri.fas:cyl.ram,2.5,1.776824034,0.612114625,0.924331187,0.35531391,6
278,eri.fas:ephedra,6.208333333,9.575107296,2.818988996,-2.005244203,0.044936947,6
279,lar.tri:amb.sal,1.516666667,4.538626609,1.482961852,-2.481553906,0.013081092,6
280,lar.tri:cyl.aca,0,0.100858369,0.035755121,-0.533387477,0.593765385,6
281,lar.tri:cyl.ech,1.058333333,2.118025751,0.724126325,-1.245296189,0.213022896,6
282,lar.tri:cyl.ram,1.5,1.815450644,0.624116578,-0.399299309,0.689672676,6
283,lar.tri:ephedra,12.58333333,9.783261803,2.875577471,1.651226272,0.098692381,6
284,lar.tri:eri.fas,3.083333333,4.639484979,1.512988855,-1.265126788,0.205825881,6
285,men.spi:amb.sal,0.35,0.675965665,0.238092724,-0.668034351,0.504111665,6
286,men.spi:cyl.aca,0,0.015021459,0.005788008,-0.197445648,0.84347881,6
287,men.spi:cyl.ech,0.5,0.315450644,0.116803517,0.53998858,0.589204908,6
288,men.spi:cyl.ram,0.416666667,0.270386266,0.100727326,0.460906134,0.644865951,6
289,men.spi:ephedra,0.416666667,1.457081545,0.456241121,-1.540314279,0.123483765,6
290,men.spi:eri.fas,0.5,0.690987124,0.242864022,-0.387545322,0.698352539,6
291,men.spi:lar.tri,1.791666667,0.706008584,0.247612726,2.181758064,0.029127393,6
292,noID:amb.sal,0.791666667,1.545064378,0.535352822,-1.029684673,0.303158053,6
293,noID:cyl.aca,0,0.034334764,0.012991733,-0.3012316,0.763237895,6
294,noID:cyl.ech,0.916666667,0.721030043,0.262374082,0.381935207,0.702509425,6
295,noID:cyl.ram,0,0.618025751,0.226235938,-1.299348873,0.193824229,6
296,noID:ephedra,3.333333333,3.330472103,1.028455555,0.00282137,0.997748875,6
297,noID:eri.fas,0,1.579399142,0.546104775,-2.137243036,0.032578229,6
298,noID:lar.tri,0.958333333,1.613733906,0.556806955,-0.878323475,0.3797682,6
299,noID:men.spi,0,0.240343348,0.089896898,-0.801603773,0.422782195,6
300,PG:amb.sal,2,1.738197425,0.600057145,0.337969577,0.735386114,6
301,PG:cyl.aca,0,0.038626609,0.014556199,-0.320156697,0.748849547,6
302,PG:cyl.ech,1.041666667,0.811158798,0.294019496,0.425106446,0.670759079,6
303,PG:cyl.ram,1.75,0.69527897,0.253515942,2.094763356,0.036192034,6
304,PG:ephedra,1.208333333,3.746781116,1.153417176,-2.363605691,0.018098064,6
305,PG:eri.fas,2.458333333,1.776824034,0.612114625,0.871074716,0.383713358,6
306,PG:lar.tri,0.708333333,1.815450644,0.624116578,-1.401395705,0.161095776,6
307,PG:men.spi,0,0.270386266,0.100727326,-0.851943856,0.394245254,6
308,PG:noID,0,0.618025751,0.226235938,-1.299348873,0.193824229,6
309,sal.mex:amb.sal,0,0.096566524,0.034382376,-0.520785223,0.602516399,6
310,sal.mex:cyl.aca,0,0.002145923,0.000836775,-0.074183916,0.940864044,6
311,sal.mex:cyl.ech,0,0.045064378,0.016878108,-0.346873802,0.728686129,6
312,sal.mex:cyl.ram,0,0.038626609,0.014556199,-0.320156697,0.748849547,6
313,sal.mex:ephedra,0,0.208154506,0.065776524,-0.811615551,0.417012265,6
314,sal.mex:eri.fas,0.5,0.098712446,0.035070401,2.142818175,0.032127701,6
315,sal.mex:lar.tri,0,0.100858369,0.035755121,-0.533387477,0.593765385,6
316,sal.mex:men.spi,0,0.015021459,0.005788008,-0.197445648,0.84347881,6
317,sal.mex:noID,0,0.034334764,0.012991733,-0.3012316,0.763237895,6
318,sal.mex:PG,0,0.038626609,0.014556199,-0.320156697,0.748849547,6
319,tha.mon:amb.sal,1.375,0.772532189,0.271613797,1.156000268,0.247681048,6
320,tha.mon:cyl.aca,0,0.017167382,0.006601644,-0.211289552,0.832661335,6
321,tha.mon:cyl.ech,0,0.360515021,0.133233879,-0.987679477,0.323309649,6
322,tha.mon:cyl.ram,0.333333333,0.309012876,0.114894836,0.071749932,0.942800919,6
323,tha.mon:ephedra,1.708333333,1.665236052,0.520619463,0.05972961,0.952370988,6
324,tha.mon:eri.fas,1.333333333,0.789699571,0.27705816,1.032811221,0.301692251,6
325,tha.mon:lar.tri,0.416666667,0.806866953,0.282476806,-0.734169243,0.462845596,6
326,tha.mon:men.spi,0.333333333,0.120171674,0.045671443,0.997439872,0.318551046,6
327,tha.mon:noID,0,0.274678112,0.102540221,-0.857782001,0.39101285,6
328,tha.mon:PG,0,0.309012876,0.114894836,-0.911646189,0.361954999,6
329,tha.mon:sal.mex,0,0.017167382,0.006601644,-0.211289552,0.832661335,6
330,u2:amb.sal,0,0.096566524,0.034382376,-0.520785223,0.602516399,6
331,u2:cyl.aca,0,0.002145923,0.000836775,-0.074183916,0.940864044,6
332,u2:cyl.ech,0,0.045064378,0.016878108,-0.346873802,0.728686129,6
333,u2:cyl.ram,0,0.038626609,0.014556199,-0.320156697,0.748849547,6
334,u2:ephedra,0,0.208154506,0.065776524,-0.811615551,0.417012265,6
335,u2:eri.fas,0.416666667,0.098712446,0.035070401,1.697830087,0.089539836,6
336,u2:lar.tri,0.416666667,0.100858369,0.035755121,1.670145894,0.094890502,6
337,u2:men.spi,0,0.015021459,0.005788008,-0.197445648,0.84347881,6
338,u2:noID,0,0.034334764,0.012991733,-0.3012316,0.763237895,6
339,u2:PG,0,0.038626609,0.014556199,-0.320156697,0.748849547,6
340,u2:sal.mex,0.416666667,0.002145923,0.000836775,14.32985979,1.42E-46,6
341,u2:tha.mon,0,0.017167382,0.006601644,-0.211289552,0.832661335,6
342,u3:amb.sal,13.16666667,13.13304721,3.546465454,0.017852244,0.985756727,6
343,u3:cyl.aca,0,0.291845494,0.083456434,-1.010236554,0.31238197,6
344,u3:cyl.ech,7.658333333,6.128755365,1.708236071,1.170301268,0.241879752,6
345,u3:cyl.ram,8.85,5.253218884,1.469904367,2.966671567,0.003010423,6
346,u3:ephedra,19.375,28.30901288,7.111992347,-3.35004726,0.000807978,6
347,u3:eri.fas,8.825,13.4248927,3.62041852,-2.417510186,0.015627097,6
348,u3:lar.tri,15.925,13.7167382,3.694160401,1.148927663,0.25058581,6
349,u3:men.spi,2.183333333,2.042918455,0.579760135,0.184411905,0.853690331,6
350,u3:noID,3.933333333,4.669527897,1.309960635,-0.643225841,0.520077568,6
351,u3:PG,6.208333333,5.253218884,1.469904367,0.787790746,0.430819115,6
352,u3:sal.mex,0,0.291845494,0.083456434,-1.010236554,0.31238197,6
353,u3:tha.mon,2,2.334763948,0.661738268,-0.411524368,0.680688077,6
354,u3:u2,0,0.291845494,0.083456434,-1.010236554,0.31238197,6
355,yuc.sch:amb.sal,0.75,0.482832618,0.170681448,0.646681259,0.517838255,6
356,yuc.sch:cyl.aca,0,0.010729614,0.004150819,-0.166539472,0.867732422,6
357,yuc.sch:cyl.ech,0,0.225321888,0.083750902,-0.778589668,0.436221467,6
358,yuc.sch:cyl.ram,0,0.193133047,0.072225726,-0.718638757,0.472363527,6
359,yuc.sch:ephedra,0.75,1.040772532,0.326885216,-0.508575856,0.611049556,6
360,yuc.sch:eri.fas,1.083333333,0.493562232,0.174100203,1.413461064,0.157520202,6
361,yuc.sch:lar.tri,0,0.504291845,0.17750269,-1.196959555,0.231322319,6
362,yuc.sch:men.spi,0.416666667,0.075107296,0.028714104,2.015666007,0.043834912,6
363,yuc.sch:noID,0,0.17167382,0.064460935,-0.676169803,0.498932843,6
364,yuc.sch:PG,0.416666667,0.193133047,0.072225726,0.831757821,0.405545656,6
365,yuc.sch:sal.mex,0,0.010729614,0.004150819,-0.166539472,0.867732422,6
366,yuc.sch:tha.mon,0,0.08583691,0.032751046,-0.474309131,0.635279481,6
367,yuc.sch:u2,0,0.010729614,0.004150819,-0.166539472,0.867732422,6
368,yuc.sch:u3,1.333333333,1.459227468,0.415170312,-0.195385509,0.84509116,6
369,Jtot,170.5583333,195.6523605,10.73742048,-7.658088549,1.89E-14,6
370,,NA,NA,NA,NA,NA,6
