Species,Width,Height,ID,Transect,QN,QL,X,Y,Length,Notes,X_1,easting,northing,x_final,y_final
lar.tri,375,206,L142 ,6,0, ,0,0, , , ,0,0,622572.2904,3849111.924
ephedra,71,58,1,6,8,R,140,226,30, , ,622556.777,3849060.252,622556.777,3849060.252
ephedra,69,66,2,6,8,R,165,262,53, , ,622557.027,3849060.612,622557.027,3849060.612
amb.sal,55,64,3,6,8,R,165,262,60, , ,622557.027,3849060.612,622557.027,3849060.612
eri.fas,30,24,4,6,8,R,89,113,23, , ,622556.267,3849059.122,622556.267,3849059.122
eri.fas,21,16,5,6,8,R,354,117,20, , ,622558.917,3849059.162,622558.917,3849059.162
u3,22,30,6,6,8,R,370,280,17, , ,622559.077,3849060.792,622559.077,3849060.792
eri.fas,43,39,7,6,8,R,53,474,28, , ,622555.907,3849062.732,622555.907,3849062.732
ephedra,52,38,8,6,8,R,99,474,50, , ,622556.367,3849062.732,622556.367,3849062.732
ephedra,46,33,9,6,8,R,150,530,31, , ,622556.877,3849063.292,622556.877,3849063.292
eri.fas,16,14,10,6,8,R,230,474,18, , ,622557.677,3849062.732,622557.677,3849062.732
cyl.ech,45,48,11,6,8,R,305,504,35, , ,622558.427,3849063.032,622558.427,3849063.032
u3,21,30,12,6,8,R,322,494,20, , ,622558.597,3849062.932,622558.597,3849062.932
u3,21,30,13,6,8,R,367,444,20, , ,622559.047,3849062.432,622559.047,3849062.432
u3,48,39,14,6,8,R,205,600,37, , ,622557.427,3849063.992,622557.427,3849063.992
u3,33,30,15,6,8,R,18,698,32, , ,622555.557,3849064.972,622555.557,3849064.972
?,40,29,16,6,8,R,30,768,63, , ,622555.677,3849065.672,622555.677,3849065.672
cyl.ram,168,102,17,6,8,R,66,930,151, , ,622556.037,3849067.292,622556.037,3849067.292
amb.sal,70,66,18,6,8,R,160,856,67, , ,622556.977,3849066.552,622556.977,3849066.552
u3,60,50,19,6,8,R,264,850,70, , ,622558.017,3849066.492,622558.017,3849066.492
cyl.ech,13,45,20,6,8,R,289,784,23, , ,622558.267,3849065.832,622558.267,3849065.832
amb.sal,36,45,21,6,8,R,289,777,45, , ,622558.267,3849065.762,622558.267,3849065.762
lar.tri,245,192,22,6,8,R,498,844,210, , ,622560.357,3849066.432,622560.357,3849066.432
ephedra,33,34,23,6,8,R,460,969,32, , ,622559.977,3849067.682,622559.977,3849067.682
lar.tri,204,151,24,6,8,R,570,665,191, , ,622561.077,3849064.642,622561.077,3849064.642
?,18,19,25,6,8,R,751,685,15, , ,622562.887,3849064.842,622562.887,3849064.842
u3,18,33,26,6,8,R,701,635,20, , ,622562.387,3849064.342,622562.387,3849064.342
u3,57,53,27,6,8,R,675,495,53, , ,622562.127,3849062.942,622562.127,3849062.942
lar.tri,147,157,28,6,8,R,497,372,230, , ,622560.347,3849061.712,622560.347,3849061.712
PG,30,36,29,6,8,R,520,393,45, , ,622560.577,3849061.922,622560.577,3849061.922
eri.fas,33,31,30,6,8,R,690,330,27, , ,622562.277,3849061.292,622562.277,3849061.292
u3,42,42,31,6,8,R,690,298,30, , ,622562.277,3849060.972,622562.277,3849060.972
eri.fas,29,23,32,6,8,R,934,218,15, , ,622564.717,3849060.172,622564.717,3849060.172
eri.fas,24,18,33,6,8,R,955,196,38, , ,622564.927,3849059.952,622564.927,3849059.952
ephedra,80,59,34,6,8,L,200,38,82, , ,622567.377,3849058.372,622567.377,3849058.372
lar.tri,354,183,35,6,8,L,265,109,309, , ,622568.027,3849059.082,622568.027,3849059.082
ephedra,42,73,36,6,8,L,270,49,95, , ,622568.077,3849058.482,622568.077,3849058.482
ephedra,112,66,37,6,8,L,410,106,92, , ,622569.477,3849059.052,622569.477,3849059.052
u3,48,39,38,6,8,L,310,259,49, , ,622568.477,3849060.582,622568.477,3849060.582
?,26,22,39,6,8,L,430,342,20, , ,622569.677,3849061.412,622569.677,3849061.412
?,14,18,40,6,8,L,484,309,14, , ,622570.217,3849061.082,622570.217,3849061.082
u3,11,17,41,6,8,L,506,273,14, , ,622570.437,3849060.722,622570.437,3849060.722
lar.tri,290,180,42,6,8,L,55,505,295, , ,622565.927,3849063.042,622565.927,3849063.042
u3,35,31,43,6,8,L,170,255,29, , ,622567.077,3849060.542,622567.077,3849060.542
lar.tri,153,110,44,6,8,L,40,865,203, , ,622565.777,3849066.642,622565.777,3849066.642
u3,40,34,45,6,8,L,160,885,50, , ,622566.977,3849066.842,622566.977,3849066.842
?,16,23,46,6,8,L,390,790,20, , ,622569.277,3849065.892,622569.277,3849065.892
?,29,37,47,6,8,L,420,595,33, , ,622569.577,3849063.942,622569.577,3849063.942
?,53,32,48,6,8,L,425,480,55, , ,622569.627,3849062.792,622569.627,3849062.792
cyl.ech,37,33,49,6,8,L,445,465,41, , ,622569.827,3849062.642,622569.827,3849062.642
?,27,29,50,6,8,L,650,910,11, , ,622571.877,3849067.092,622571.877,3849067.092
lar.tri,320,264,51,6,8,L,960,905,363, , ,622574.977,3849067.042,622574.977,3849067.042
?,33,29,52,6,8,L,880,590,25, , ,622574.177,3849063.892,622574.177,3849063.892
?,46,36,53,6,8,L,770,470,46, , ,622573.077,3849062.692,622573.077,3849062.692
lar.tri,241,243,54,6,8,L,770,330,271, , ,622573.077,3849061.292,622573.077,3849061.292
?,9,15,55,6,8,L,950,420,8, , ,622574.877,3849062.192,622574.877,3849062.192
ephedra,55,43,56,6,8,L,730,60,56, , ,622572.677,3849058.592,622572.677,3849058.592
?,54,41,57,6,8,L,680,210,57, , ,622572.177,3849060.092,622572.177,3849060.092
ephedra,44,45,58,6,8,L,735,325,34, , ,622572.727,3849061.242,622572.727,3849061.242
ephedra,108,50,59,6,8,L,670,370,94, , ,622572.077,3849061.692,622572.077,3849061.692
u3,40,36,60,6,8,L,580,465,30, , ,622571.177,3849062.642,622571.177,3849062.642
PG,85,96,61,6,7,R,60,50,87, , ,622555.977,3849068.492,622555.977,3849068.492
eri.fas,32,35,62,6,7,R,75,30,38, , ,622556.127,3849068.292,622556.127,3849068.292
eri.fas,78,46,63,6,7,R,255,30,86, , ,622557.927,3849068.292,622557.927,3849068.292
amb.sal,9,14,64,6,7,R,370,95,10, , ,622559.077,3849068.942,622559.077,3849068.942
ephedra,74,50,65,6,7,R,25,310,75, , ,622555.627,3849071.092,622555.627,3849071.092
PG,69,59,66,6,7,R,0,330,79, , ,622555.377,3849071.292,622555.377,3849071.292
cyl.ech,31,40,67,6,7,R,20,345,22, , ,622555.577,3849071.442,622555.577,3849071.442
u3,27,39,68,6,7,R,75,450,45, , ,622556.127,3849072.492,622556.127,3849072.492
u3,67,45,69,6,7,R,95,595,50, , ,622556.327,3849073.942,622556.327,3849073.942
ephedra,95,60,70,6,7,R,195,510,95, , ,622557.327,3849073.092,622557.327,3849073.092
tha.mon,33,28,71,6,7,R,245,550,24, , ,622557.827,3849073.492,622557.827,3849073.492
u3,29,34,72,6,7,R,245,550,50, , ,622557.827,3849073.492,622557.827,3849073.492
u3,53,44,73,6,7,R,190,410,43, , ,622557.277,3849072.092,622557.277,3849072.092
u3,38,48,74,6,7,R,10,800,40, , ,622555.477,3849075.992,622555.477,3849075.992
ephedra,107,69,75,6,7,R,135,175,139, , ,622556.727,3849069.742,622556.727,3849069.742
u3,30,51,76,6,7,R,215,870,53, , ,622557.527,3849076.692,622557.527,3849076.692
u3,27,41,77,6,7,R,235,825,29, , ,622557.727,3849076.242,622557.727,3849076.242
u3,80,47,78,6,7,R,260,900,50, , ,622557.977,3849076.992,622557.977,3849076.992
amb.sal,35,50,79,6,7,R,365,860,57, , ,622559.027,3849076.592,622559.027,3849076.592
u3,58,38,80,6,7,R,515,910,40, , ,622560.527,3849077.092,622560.527,3849077.092
u3,36,37,81,6,7,R,555,770,41, , ,622560.927,3849075.692,622560.927,3849075.692
u3,26,37,82,6,7,R,655,975,33, , ,622561.927,3849077.742,622561.927,3849077.742
u3,62,56,83,6,7,R,710,920,52, , ,622562.477,3849077.192,622562.477,3849077.192
cyl.ram,14,40,84,6,7,R,710,970,16, , ,622562.477,3849077.692,622562.477,3849077.692
lar.tri,460,160,L148,6,7,R,775,715,366, , ,622563.127,3849075.142,622563.127,3849075.142
lar.tri,284,234,L147,6,7,R,860,370,243, , ,622563.977,3849071.692,622563.977,3849071.692
ephedra,60,46,85,6,7,R,745,175,47, , ,622562.827,3849069.742,622562.827,3849069.742
u3,36,27,86,6,7,R,540,640,30, , ,622560.777,3849074.392,622560.777,3849074.392
u3,49,43,87,6,7,R,520,605,33, , ,622560.577,3849074.042,622560.577,3849074.042
ephedra,69,50,88,6,7,R,550,475,64, , ,622560.877,3849072.742,622560.877,3849072.742
u3,39,42,89,6,7,R,420,565,32, , ,622559.577,3849073.642,622559.577,3849073.642
u3,50,35,90,6,7,R,480,210,30, , ,622560.177,3849070.092,622560.177,3849070.092
lar.tri,75,55,91,6,7,R,400,290,95, , ,622559.377,3849070.892,622559.377,3849070.892
u3,60,52,92,6,7,R,320,340,53, , ,622558.577,3849071.392,622558.577,3849071.392
cyl.ram,7,16,93,6,7,R,320,245,5, , ,622558.577,3849070.442,622558.577,3849070.442
u3,25,36,94,6,7,R,260,310,42, , ,622557.977,3849071.092,622557.977,3849071.092
lar.tri,15,20,95,6,7,R,210,280,12, , ,622557.477,3849070.792,622557.477,3849070.792
u3,45,38,96,6,7,L,50,30,45, , ,622565.877,3849068.292,622565.877,3849068.292
ephedra,42,35,97,6,7,L,125,65,60, , ,622566.627,3849068.642,622566.627,3849068.642
ephedra,60,59,98,6,7,L,160,105,90, , ,622566.977,3849069.042,622566.977,3849069.042
ephedra,30,33,99,6,7,L,295,270,28, , ,622568.327,3849070.692,622568.327,3849070.692
ephedra,64,51,100,6,7,L,305,315,65, , ,622568.427,3849071.142,622568.427,3849071.142
ephedra,30,32,101,6,7,L,320,355,37, , ,622568.577,3849071.542,622568.577,3849071.542
ephedra,6,19,102,6,7,L,295,255,8, , ,622568.327,3849070.542,622568.327,3849070.542
ephedra,9,34,103,6,7,L,295,295,25, , ,622568.327,3849070.942,622568.327,3849070.942
ephedra,4,28,104,6,7,L,305,260,6, , ,622568.427,3849070.592,622568.427,3849070.592
ephedra,7,18,105,6,7,L,305,240,6, , ,622568.427,3849070.392,622568.427,3849070.392
ephedra,12,35,106,6,7,L,315,285,13, , ,622568.527,3849070.842,622568.527,3849070.842
lar.tri,308,193,L145,6,7,L,355,680,339, , ,622568.927,3849074.792,622568.927,3849074.792
amb.sal,67,58,107,6,7,L,20,920,79, , ,622565.577,3849077.192,622565.577,3849077.192
ephedra,33,37,108,6,7,L,155,915,15, , ,622566.927,3849077.142,622566.927,3849077.142
ephedra,40,35,109,6,7,L,175,770,20, , ,622567.127,3849075.692,622567.127,3849075.692
ephedra,26,40,110,6,7,L,195,795,33, , ,622567.327,3849075.942,622567.327,3849075.942
ephedra,20,32,111,6,7,L,235,805,12, , ,622567.727,3849076.042,622567.727,3849076.042
ephedra,25,34,112,6,7,L,235,835,24, , ,622567.727,3849076.342,622567.727,3849076.342
u3,62,46,113,6,7,L,425,780,63, , ,622569.627,3849075.792,622569.627,3849075.792
ephedra,9,76,114,6,7,L,470,600,160, , ,622570.077,3849073.992,622570.077,3849073.992
ephedra,46,47,115,6,7,L,395,550,74, , ,622569.327,3849073.492,622569.327,3849073.492
u3,28,40,116,6,7,L,490,750,26, , ,622570.277,3849075.492,622570.277,3849075.492
cyl.ram,15,40,117,6,7,L,510,845,26, , ,622570.477,3849076.442,622570.477,3849076.442
PG,52,53,118,6,7,L,550,960,60, , ,622570.877,3849077.592,622570.877,3849077.592
cyl.ram,33,45,119,6,7,L,590,800,22, , ,622571.277,3849075.992,622571.277,3849075.992
u3,31,30,120,6,7,L,670,900,19, , ,622572.077,3849076.992,622572.077,3849076.992
u3,50,46,121,6,7,L,745,630,74, , ,622572.827,3849074.292,622572.827,3849074.292
lar.tri,240,216,122,6,7,L,840,510,215, , ,622573.777,3849073.092,622573.777,3849073.092
ephedra,31,30,123,6,7,L,985,530,29, , ,622575.227,3849073.292,622575.227,3849073.292
eri.fas,15,20,124,6,7,L,990,600,21, , ,622575.277,3849073.992,622575.277,3849073.992
u3,55,43,125,6,7,L,955,275,59, , ,622574.927,3849070.742,622574.927,3849070.742
men.spi?,28,18,126,6,7,L,910,110,40, , ,622574.477,3849069.092,622574.477,3849069.092
u3,26,30,127,6,7,L,875,185,21, , ,622574.127,3849069.842,622574.127,3849069.842
u3,35,30,128,6,7,L,785,125,33, , ,622573.227,3849069.242,622573.227,3849069.242
cyl.ram,63,60,129,6,7,L,680,165,65, , ,622572.177,3849069.642,622572.177,3849069.642
u3,30,54,130,6,7,L,620,60,40, , ,622571.577,3849068.592,622571.577,3849068.592
u3,50,31,131,6,7,L,545,325,38, , ,622570.827,3849071.242,622570.827,3849071.242
lar.tri,350,220,L146,6,6,R,450,395,385, , ,622559.877,3849081.942,622559.877,3849081.942
amb.sal,95,70,132,6,6,R,450,35,68, , ,622559.877,3849078.342,622559.877,3849078.342
ephedra,52,55,133,6,6,R,180,180,42, , ,622557.177,3849079.792,622557.177,3849079.792
lar.tri,254,193,134,6,6,R,50,280,310, , ,622555.877,3849080.792,622555.877,3849080.792
u3,59,39,135,6,6,R,107,665,64, , ,622556.447,3849084.642,622556.447,3849084.642
u3,52,36,136,6,6,R,220,765,30, , ,622557.577,3849085.642,622557.577,3849085.642
ephedra,84,52,137,6,6,R,40,765,94, , ,622555.777,3849085.642,622555.777,3849085.642
ephedra,70,56,138,6,6,R,80,805,66, , ,622556.177,3849086.042,622556.177,3849086.042
ephedra,40,33,139,6,6,R,10,890,46, , ,622555.477,3849086.892,622555.477,3849086.892
U?,62,38,140,6,6,R,134,910,40,"toothed fuzzy leaves, large flower head", ,622556.717,3849087.092,622556.717,3849087.092
u3,27,34,141,6,6,R,220,785,50, , ,622557.577,3849085.842,622557.577,3849085.842
lar.tri,270,157,142,6,6,R,490,1000,310, , ,622560.277,3849087.992,622560.277,3849087.992
u3,70,45,143,6,6,R,440,690,67, , ,622559.777,3849084.892,622559.777,3849084.892
ephedra,53,51,144,6,6,R,650,810,52, , ,622561.877,3849086.092,622561.877,3849086.092
u3,45,34,145,6,6,R,685,830,30, , ,622562.227,3849086.292,622562.227,3849086.292
cyl.ech,23,20,146,6,6,R,765,525,21, , ,622563.027,3849083.242,622563.027,3849083.242
u3,26,23,147,6,6,R,570,610,32, , ,622561.077,3849084.092,622561.077,3849084.092
cyl.ech,23,20,148,6,6,R,765,525,21, , ,622563.027,3849083.242,622563.027,3849083.242
ephedra,100,55,149,6,6,R,800,680,100, , ,622563.377,3849084.792,622563.377,3849084.792
ephedra,60,50,150,6,6,R,750,680,55, , ,622562.877,3849084.792,622562.877,3849084.792
u3,47,38,151,6,6,R,700,595,56, , ,622562.377,3849083.942,622562.377,3849083.942
cyl.ech,25,46,152,6,6,R,690,595,26, , ,622562.277,3849083.942,622562.277,3849083.942
lar.tri,376,165,L149,6,6,R,750,305,272, , ,622562.877,3849081.042,622562.877,3849081.042
u3,50,44,153,6,6,R,605,150,43, , ,622561.427,3849079.492,622561.427,3849079.492
u3,30,31,154,6,6,R,965,265,30, , ,622565.027,3849080.642,622565.027,3849080.642
u3,20,29,155,6,6,R,885,75,18, , ,622564.227,3849078.742,622564.227,3849078.742
ephedra,47,49,156,6,6,L,120,65,49, , ,622566.577,3849078.642,622566.577,3849078.642
ephedra,35,50,157,6,6,L,155,70,53, , ,622566.927,3849078.692,622566.927,3849078.692
ephedra,10,30,158,6,6,L,30,120,8, , ,622565.677,3849079.192,622565.677,3849079.192
ephedra,30,32,159,6,6,L,205,190,32, , ,622567.427,3849079.892,622567.427,3849079.892
ephedra,46,60,160,6,6,L,35,425,45, , ,622565.727,3849082.242,622565.727,3849082.242
amb.sal,57,72,161,6,6,L,60,425,48, , ,622565.977,3849082.242,622565.977,3849082.242
u3,50,46,162,6,6,L,0,515,40, , ,622565.377,3849083.142,622565.377,3849083.142
u3,34,45,163,6,6,L,230,515,55, , ,622567.677,3849083.142,622567.677,3849083.142
PG,5,11,164,6,6,L,260,665,6,under dead shrub, ,622567.977,3849084.642,622567.977,3849084.642
PG,125,100,165,6,6,L,170,805,120, , ,622567.077,3849086.042,622567.077,3849086.042
ephedra,175,52,166,6,6,L,610,870,138,ring formation, ,622571.477,3849086.692,622571.477,3849086.692
u3,22,29,167,6,6,L,560,915,30, , ,622570.977,3849087.142,622570.977,3849087.142
u3,39,36,168,6,6,L,585,870,30,inside ephedra ring, ,622571.227,3849086.692,622571.227,3849086.692
cyl.ram,44,66,169,6,6,L,680,905,47, , ,622572.177,3849087.042,622572.177,3849087.042
u3,30,36,170,6,6,L,680,855,20, , ,622572.177,3849086.542,622572.177,3849086.542
eri.fas,34,36,171,6,6,L,680,970,24, , ,622572.177,3849087.692,622572.177,3849087.692
PG,100,71,172,6,6,L,730,950,109, , ,622572.677,3849087.492,622572.677,3849087.492
PG,64,92,173,6,6,L,760,830,84, , ,622572.977,3849086.292,622572.977,3849086.292
PG,132,107,174,6,6,L,920,930,137, , ,622574.577,3849087.292,622574.577,3849087.292
ephedra,86,70,175,6,6,L,440,970,103, , ,622569.777,3849087.692,622569.777,3849087.692
PG,87,38,176,6,6,L,730,615,74, , ,622572.677,3849084.142,622572.677,3849084.142
u3,53,30,177,6,6,L,630,575,33, , ,622571.677,3849083.742,622571.677,3849083.742
u3,72,35,178,6,6,L,560,630,66, , ,622570.977,3849084.292,622570.977,3849084.292
u3,18,20,179,6,6,L,755,655,18, , ,622572.927,3849084.542,622572.927,3849084.542
u3,44,35,180,6,6,L,570,540,55, , ,622571.077,3849083.392,622571.077,3849083.392
amb.sal,120,66,181,6,6,L,1000,445,92, , ,622575.377,3849082.442,622575.377,3849082.442
tha.mon,64,39,182,6,6,L,1000,355,53, , ,622575.377,3849081.542,622575.377,3849081.542
ephedra,115,87,183,6,6,L,910,95,149, , ,622574.477,3849078.942,622574.477,3849078.942
ephedra,122,87,184,6,6,L,845,150,117, , ,622573.827,3849079.492,622573.827,3849079.492
lar.tri,70,60,185,6,6,L,710,145,59, , ,622572.477,3849079.442,622572.477,3849079.442
lar.tri,13,25,186,6,6,L,665,315,19,under dead shrub, ,622572.027,3849081.142,622572.027,3849081.142
eri.fas,95,49,187,6,6,L,565,135,46, , ,622571.027,3849079.342,622571.027,3849079.342
cyl.ech,33,46,188,6,6,L,550,85,40, , ,622570.877,3849078.842,622570.877,3849078.842
eri.fas,25,45,189,6,6,L,435,285,22, , ,622569.727,3849080.842,622569.727,3849080.842
u2,56,42,190,6,5,R,350,155,33, , ,622558.877,3849089.542,622558.877,3849089.542
eri.fas,26,26,191,6,5,R,265,235,28, , ,622558.027,3849090.342,622558.027,3849090.342
sal.mex,30,28,192,6,5,R,140,130,33, , ,622556.777,3849089.292,622556.777,3849089.292
ephedra,51,41,193,6,5,R,30,320,39, , ,622555.677,3849091.192,622555.677,3849091.192
ephedra,89,57,194,6,5,R,0,420,87, , ,622555.377,3849092.192,622555.377,3849092.192
cyl.aca,26,63,195,6,5,R,165,430,39, , ,622557.027,3849092.292,622557.027,3849092.292
cyl.ech,29,25,196,6,5,R,45,870,28, , ,622555.827,3849096.692,622555.827,3849096.692
eri.fas,67,50,197,6,5,R,95,905,65, , ,622556.327,3849097.042,622556.327,3849097.042
lar.tri,270,193,198,6,5,R,470,780,230, , ,622560.077,3849095.792,622560.077,3849095.792
ephedra,42,35,199,6,5,R,560,990,39, , ,622560.977,3849097.892,622560.977,3849097.892
ephedra,130,55,200,6,5,R,750,760,96, , ,622562.877,3849095.592,622562.877,3849095.592
lar.tri,318,185,L150,6,5,R,865,725,336, , ,622564.027,3849095.242,622564.027,3849095.242
eri.fas,12,25,201,6,5,R,925,260,10, , ,622564.627,3849090.592,622564.627,3849090.592
ephedra,193,50,202,6,5,R,775,135,132,ring formation, ,622563.127,3849089.342,622563.127,3849089.342
cyl.ech,37,31,203,6,5,R,970,20,35, , ,622565.077,3849088.192,622565.077,3849088.192
u3,40,50,204,6,5,R,730,80,37, , ,622562.677,3849088.792,622562.677,3849088.792
ephedra,116,70,205,6,5,R,695,110,90, , ,622562.327,3849089.092,622562.327,3849089.092
u3,42,37,206,6,5,R,655,60,37, , ,622561.927,3849088.592,622561.927,3849088.592
u3,70,39,207,6,5,L,270,0,53, , ,622568.077,3849087.992,622568.077,3849087.992
PG,85,73,208,6,5,L,240,95,90, , ,622567.777,3849088.942,622567.777,3849088.942
amb.sal,70,60,209,6,5,L,340,35,80, , ,622568.777,3849088.342,622568.777,3849088.342
u3,33,33,210,6,5,L,60,960,37, , ,622565.977,3849097.592,622565.977,3849097.592
eri.fas,19,40,211,6,5,L,240,900,20, , ,622567.777,3849096.992,622567.777,3849096.992
cyl.ech,23,49,212,6,5,L,480,740,28, , ,622570.177,3849095.392,622570.177,3849095.392
u3,49,34,213,6,5,L,395,665,28, , ,622569.327,3849094.642,622569.327,3849094.642
u3,30,26,214,6,5,L,495,780,40, , ,622570.327,3849095.792,622570.327,3849095.792
cyl.ram,18,10,215,6,5,L,485,740,8, , ,622570.227,3849095.392,622570.227,3849095.392
eri.fas,10,8,216,6,5,L,515,780,7,sample, ,622570.527,3849095.792,622570.527,3849095.792
amb.sal,44,60,217,6,5,L,565,975,58, , ,622571.027,3849097.742,622571.027,3849097.742
PG,67,60,218,6,5,L,590,960,113, , ,622571.277,3849097.592,622571.277,3849097.592
u3,33,35,219,6,5,L,630,950,27, , ,622571.677,3849097.492,622571.677,3849097.492
u3,20,30,220,6,5,L,605,950,20, , ,622571.427,3849097.492,622571.427,3849097.492
u3,46,38,221,6,5,L,710,870,30, , ,622572.477,3849096.692,622572.477,3849096.692
ephedra,67,45,222,6,5,L,800,780,74, , ,622573.377,3849095.792,622573.377,3849095.792
u3,110,60,223,6,5,L,945,925,85, , ,622574.827,3849097.242,622574.827,3849097.242
cyl.ech,44,35,224,6,5,L,900,785,63, , ,622574.377,3849095.842,622574.377,3849095.842
u3,44,35,225,6,5,L,900,795,63,surround SC, ,622574.377,3849095.942,622574.377,3849095.942
PG,65,52,226,6,5,L,870,345,52, , ,622574.077,3849091.442,622574.077,3849091.442
u3,38,30,227,6,5,L,960,320,35, , ,622574.977,3849091.192,622574.977,3849091.192
u3,40,30,228,6,5,L,940,85,36, , ,622574.777,3849088.842,622574.777,3849088.842
eri.fas,47,30,229,6,5,L,840,25,79, , ,622573.777,3849088.242,622573.777,3849088.242
u3,60,45,230,6,5,L,850,190,69, , ,622573.877,3849089.892,622573.877,3849089.892
u3,65,48,231,6,5,L,735,110,53, , ,622572.727,3849089.092,622572.727,3849089.092
PG,88,85,232,6,5,L,580,80,80, , ,622571.177,3849088.792,622571.177,3849088.792
eri.fas,20,16,233,6,5,L,460,170,18, , ,622569.977,3849089.692,622569.977,3849089.692
u3,50,40,234,6,4,R,95,60,47, , ,622556.327,3849098.592,622556.327,3849098.592
ephedra,115,60,235,6,4,R,65,210,91, , ,622556.027,3849100.092,622556.027,3849100.092
ephedra,138,45,236,6,4,R,310,85,164,ring with 4 clumps, ,622558.477,3849098.842,622558.477,3849098.842
eri.fas,77,41,237,6,4,R,130,530,72, , ,622556.677,3849103.292,622556.677,3849103.292
cyl.ech,45,45,238,6,4,R,100,740,51, , ,622556.377,3849105.392,622556.377,3849105.392
eri.fas,23,25,239,6,4,R,95,785,18, , ,622556.327,3849105.842,622556.327,3849105.842
eri.fas,66,50,240,6,4,R,255,840,47, , ,622557.927,3849106.392,622557.927,3849106.392
ephedra,38,36,241,6,4,R,320,640,36, , ,622558.577,3849104.392,622558.577,3849104.392
ephedra,88,46,242,6,4,R,470,665,100, , ,622560.077,3849104.642,622560.077,3849104.642
u3,105,75,243,6,4,R,470,790,50, , ,622560.077,3849105.892,622560.077,3849105.892
lar.tri,353,204,244,6,4,R,470,585,276, , ,622560.077,3849103.842,622560.077,3849103.842
u3,53,35,245,6,4,R,665,650,36, , ,622562.027,3849104.492,622562.027,3849104.492
u3,52,41,246,6,4,R,700,735,68, , ,622562.377,3849105.342,622562.377,3849105.342
ephedra,105,75,247,6,4,R,850,790,50, , ,622563.877,3849105.892,622563.877,3849105.892
lar.tri,102,168,L152,6,4,R,890,760,103, , ,622564.277,3849105.592,622564.277,3849105.592
ephedra,76,50,248,6,4,R,920,850,80, , ,622564.577,3849106.492,622564.577,3849106.492
ephedra,105,57,249,6,4,R,965,970,95, , ,622565.027,3849107.692,622565.027,3849107.692
tha.mon,74,40,250,6,4,R,650,485,60, , ,622561.877,3849102.842,622561.877,3849102.842
men.spi,57,40,251,6,4,R,640,440,16, , ,622561.777,3849102.392,622561.777,3849102.392
lar.tri,272,246,L151,6,4,R,820,330,330, , ,622563.577,3849101.292,622563.577,3849101.292
u3,58,30,252,6,4,R,830,135,48, , ,622563.677,3849099.342,622563.677,3849099.342
?,64,49,253,6,4,R,740,120,67,very few leave, ,622562.777,3849099.192,622562.777,3849099.192
ephedra,100,70,254,6,4,R,580,310,102, , ,622561.177,3849101.092,622561.177,3849101.092
ephedra,127,61,255,6,4,L,110,40,115, , ,622566.477,3849098.392,622566.477,3849098.392
tha.mon,78,38,256,6,4,L,145,290,53, , ,622566.827,3849100.892,622566.827,3849100.892
eri.fas,14,38,257,6,4,L,145,290,20,inside turp, ,622566.827,3849100.892,622566.827,3849100.892
eri.fas,12,11,258,6,4,L,195,325,8,in dead shrub, ,622567.327,3849101.242,622567.327,3849101.242
eri.fas,57,30,259,6,4,L,250,440,37, , ,622567.877,3849102.392,622567.877,3849102.392
eri.fas,46,41,260,6,4,L,175,570,27, , ,622567.127,3849103.692,622567.127,3849103.692
u3,63,35,261,6,4,L,85,665,40, , ,622566.227,3849104.642,622566.227,3849104.642
amb.sal,108,85,262,6,4,L,85,735,87, , ,622566.227,3849105.342,622566.227,3849105.342
lar.tri,312,230,L144,6,4,L,185,910,290, , ,622567.227,3849107.092,622567.227,3849107.092
men.spi,23,20,263,6,4,L,125,965,35, , ,622566.627,3849107.642,622566.627,3849107.642
u3,30,30,264,6,4,L,5,1000,20, , ,622565.427,3849107.992,622565.427,3849107.992
ephedra,203,70,265,6,4,L,510,640,96,ring formation, ,622570.477,3849104.392,622570.477,3849104.392
ephedra,147,63,266,6,4,L,650,665,140,ring formation, ,622571.877,3849104.642,622571.877,3849104.642
u3,44,46,267,6,4,L,960,860,60, , ,622574.977,3849106.592,622574.977,3849106.592
cyl.ech,57,71,268,6,4,L,1000,810,76, , ,622575.377,3849106.092,622575.377,3849106.092
ephedra,105,63,269,6,4,L,935,760,87, , ,622574.727,3849105.592,622574.727,3849105.592
ephedra,85,47,270,6,4,L,915,590,65, , ,622574.527,3849103.892,622574.527,3849103.892
amb.sal,7,17,271,6,4,L,720,690,4,under dead shrub, ,622572.577,3849104.892,622572.577,3849104.892
u3,30,22,272,6,4,L,765,590,24, , ,622573.027,3849103.892,622573.027,3849103.892
amb.sal,25,34,273,6,4,L,680,545,23, , ,622572.177,3849103.442,622572.177,3849103.442
cyl.ram,144,97,274,6,4,L,615,500,149, , ,622571.527,3849102.992,622571.527,3849102.992
PG,90,80,275,6,4,L,495,440,80, , ,622570.327,3849102.392,622570.327,3849102.392
u3,36,29,276,6,4,L,640,380,27, , ,622571.777,3849101.792,622571.777,3849101.792
eri.fas,34,20,277,6,4,L,625,380,25,under PG, ,622571.627,3849101.792,622571.627,3849101.792
eri.fas,70,25,278,6,4,L,340,155,48, , ,622568.777,3849099.542,622568.777,3849099.542
u3,62,48,279,6,4,L,450,15,37, , ,622569.877,3849098.142,622569.877,3849098.142
cyl.ram,13,30,280,6,4,L,475,5,14, , ,622570.127,3849098.042,622570.127,3849098.042
eri.fas,40,46,281,6,4,L,430,215,50, , ,622569.677,3849100.142,622569.677,3849100.142
cyl.ram,76,60,282,6,4,L,395,275,39, , ,622569.327,3849100.742,622569.327,3849100.742
men.spi,35,35,283,6,4,L,420,290,25, , ,622569.577,3849100.892,622569.577,3849100.892
yuc.sch,129,130,284,6,4,L,470,244,137, , ,622570.077,3849100.432,622570.077,3849100.432
PG,98,62,285,6,4,L,580,190,61, , ,622571.177,3849099.892,622571.177,3849099.892
amb.sal,80,74,286,6,4,L,580,255,64, , ,622571.177,3849100.542,622571.177,3849100.542
amb.sal,52,41,287,6,4,L,650,305,55, , ,622571.877,3849101.042,622571.877,3849101.042
ephedra,38,38,288,6,4,L,650,315,23, , ,622571.877,3849101.142,622571.877,3849101.142
cyl.ram,9,10,289,6,4,L,700,105,9, , ,622572.377,3849099.042,622572.377,3849099.042
u3,26,40,290,6,4,L,720,205,31, , ,622572.577,3849100.042,622572.577,3849100.042
u3,23,29,291,6,4,L,785,110,12, , ,622573.227,3849099.092,622573.227,3849099.092
u3,52,37,292,6,4,L,805,305,48, , ,622573.427,3849101.042,622573.427,3849101.042
yuc.sch,102,107,293,6,4,L,845,155,100, , ,622573.827,3849099.542,622573.827,3849099.542
amb.sal,29,59,294,6,4,L,900,235,40, , ,622574.377,3849100.342,622574.377,3849100.342
PG,35,45,295,6,4,L,900,240,30, , ,622574.377,3849100.392,622574.377,3849100.392
u3,55,48,296,6,4,L,905,315,50, , ,622574.427,3849101.142,622574.427,3849101.142
ephedra,32,32,297,6,4,L,825,305,28, , ,622573.627,3849101.042,622573.627,3849101.042
lar.tri,230,201,298,6,3,R,505,145,284, , ,622560.427,3849109.442,622560.427,3849109.442
PG,82,70,299,6,3,R,345,340,80, , ,622558.827,3849111.392,622558.827,3849111.392
u3,38,33,300,6,3,R,390,365,40, , ,622559.277,3849111.642,622559.277,3849111.642
ephedra,83,44,301,6,3,R,245,60,46, , ,622557.827,3849108.592,622557.827,3849108.592
ephedra,71,46,302,6,3,R,130,200,60, , ,622556.677,3849109.992,622556.677,3849109.992
ephedra,60,48,303,6,3,R,175,250,67, , ,622557.127,3849110.492,622557.127,3849110.492
cyl.ech,35,44,304,6,3,R,220,470,30, , ,622557.577,3849112.692,622557.577,3849112.692
ephedra,100,65,305,6,3,R,150,585,106, , ,622556.877,3849113.842,622556.877,3849113.842
amb.sal,72,60,306,6,3,R,40,540,73, , ,622555.777,3849113.392,622555.777,3849113.392
eri.fas,17,25,307,6,3,R,120,630,18, , ,622556.577,3849114.292,622556.577,3849114.292
amb.sal,36,36,308,6,3,R,75,640,31, , ,622556.127,3849114.392,622556.127,3849114.392
amb.sal,29,35,309,6,3,R,15,675,36, , ,622555.527,3849114.742,622555.527,3849114.742
amb.sal,48,40,310,6,3,R,195,725,40, , ,622557.327,3849115.242,622557.327,3849115.242
cyl.ech,21,17,311,6,3,R,220,730,23, , ,622557.577,3849115.292,622557.577,3849115.292
amb.sal,52,46,312,6,3,R,80,760,55, , ,622556.177,3849115.592,622556.177,3849115.592
amb.sal,40,42,313,6,3,R,90,805,32, , ,622556.277,3849116.042,622556.277,3849116.042
amb.sal,129,80,314,6,3,R,140,895,115, , ,622556.777,3849116.942,622556.777,3849116.942
u3,46,40,315,6,3,R,30,975,47, , ,622555.677,3849117.742,622555.677,3849117.742
amb.sal,28,42,316,6,3,R,245,910,30, , ,622557.827,3849117.092,622557.827,3849117.092
u3,26,28,317,6,3,R,310,910,25, , ,622558.477,3849117.092,622558.477,3849117.092
ephedra,128,70,318,6,3,R,420,900,100, , ,622559.577,3849116.992,622559.577,3849116.992
lar.tri,146,200,319,6,3,R,465,830,150, , ,622560.027,3849116.292,622560.027,3849116.292
ephedra,128,70,320,6,3,R,420,900,100, , ,622559.577,3849116.992,622559.577,3849116.992
?,40,25,321,6,3,R,820,580,28,"looks like u3, dense, sticky fragrant", ,622563.577,3849113.792,622563.577,3849113.792
amb.sal,54,69,322,6,3,R,895,470,54, , ,622564.327,3849112.692,622564.327,3849112.692
ephedra,145,87,323,6,3,R,685,415,115, , ,622562.227,3849112.142,622562.227,3849112.142
ephedra,60,62,324,6,3,R,755,380,65, , ,622562.927,3849111.792,622562.927,3849111.792
lar.tri,373,218,L153,6,3,R,820,170,258, , ,622563.577,3849109.692,622563.577,3849109.692
ephedra,54,40,325,6,3,L,85,145,54, , ,622566.227,3849109.442,622566.227,3849109.442
ephedra,75,40,326,6,3,L,90,190,60, , ,622566.277,3849109.892,622566.277,3849109.892
cyl.ram,28,18,327,6,3,L,130,185,24, , ,622566.677,3849109.842,622566.677,3849109.842
lar.tri,231,197,L141,6,3,L,175,430,182, , ,622567.127,3849112.292,622567.127,3849112.292
?,40,25,328,6,3,L,20,840,54,spiny w/ few leaves, ,622565.577,3849116.392,622565.577,3849116.392
ephedra,55,50,329,6,3,L,260,745,60, , ,622567.977,3849115.442,622567.977,3849115.442
u3,645,30,330,6,3,L,280,680,37, , ,622568.177,3849114.792,622568.177,3849114.792
ephedra,146,70,331,6,3,L,410,580,67, , ,622569.477,3849113.792,622569.477,3849113.792
u3,15,19,335,6,3,L,955,455,18, , ,622574.927,3849112.542,622574.927,3849112.542
ephedra,105,40,336,6,3,L,930,250,60, , ,622574.677,3849110.492,622574.677,3849110.492
ephedra,51,40,337,6,3,L,885,180,55, , ,622574.227,3849109.792,622574.227,3849109.792
u3,52,41,338,6,3,L,1000,25,31, , ,622575.377,3849108.242,622575.377,3849108.242
cyl.ech,35,36,339,6,3,L,980,25,22, , ,622575.177,3849108.242,622575.177,3849108.242
ephedra,65,55,340,6,3,L,895,30,60, , ,622574.327,3849108.292,622574.327,3849108.292
u3,43,51,341,6,3,L,680,35,27, , ,622572.177,3849108.342,622572.177,3849108.342
lar.tri,226,147,L143,6,3,L,460,110,109, , ,622569.977,3849109.092,622569.977,3849109.092
u3,55,34,342,6,2,R,310,30,52, , ,622558.477,3849119.892,622558.477,3849119.892
amb.sal,10,36,343,6,2,R,275,60,12, , ,622558.127,3849120.192,622558.127,3849120.192
amb.sal,71,54,344,6,2,R,275,135,88, , ,622558.127,3849120.942,622558.127,3849120.942
amb.sal,33,41,345,6,2,R,170,130,63, , ,622557.077,3849120.892,622557.077,3849120.892
amb.sal,50,70,346,6,2,R,0,180,54, , ,622555.377,3849121.392,622555.377,3849121.392
ephedra,200,60,347,6,2,R,110,500,130,looks like 3, ,622556.477,3849124.592,622556.477,3849124.592
eri.fas,32,43,348,6,2,R,190,735,45, , ,622557.277,3849126.942,622557.277,3849126.942
cyl.ram,15,17,349,6,2,R,180,755,15, , ,622557.177,3849127.142,622557.177,3849127.142
amb.sal,37,38,350,6,2,R,425,200,30,started at bottom again, ,622559.627,3849121.592,622559.627,3849121.592
cyl.ram,18,21,351,6,2,R,465,175,19, , ,622560.027,3849121.342,622560.027,3849121.342
tha.mon,34,37,352,6,2,R,480,185,54, , ,622560.177,3849121.442,622560.177,3849121.442
u3,43,50,353,6,2,R,515,200,42, , ,622560.527,3849121.592,622560.527,3849121.592
u3,30,38,354,6,2,R,450,250,25, , ,622559.877,3849122.092,622559.877,3849122.092
u3,65,50,355,6,2,R,410,320,62, , ,622559.477,3849122.792,622559.477,3849122.792
u3,60,44,356,6,2,R,470,350,36, , ,622560.077,3849123.092,622560.077,3849123.092
eri.fas,37,40,357,6,2,R,410,445,58, , ,622559.477,3849124.042,622559.477,3849124.042
u3,62,5,358,6,2,R,505,555,56, , ,622560.427,3849125.142,622560.427,3849125.142
ephedra,167,66,359,6,2,R,680,445,104, , ,622562.177,3849124.042,622562.177,3849124.042
u3,35,52,360,6,2,R,705,485,56, , ,622562.427,3849124.442,622562.427,3849124.442
u3,43,36,361,6,2,R,695,575,39, , ,622562.327,3849125.342,622562.327,3849125.342
u3,42,38,362,6,2,R,605,675,44, , ,622561.427,3849126.342,622561.427,3849126.342
eri.fas,51,41,363,6,2,R,560,895,51, , ,622560.977,3849128.542,622560.977,3849128.542
amb.sal,49,69,364,6,2,R,635,1125,34, , ,622561.727,3849130.842,622561.727,3849130.842
amb.sal,50,50,365,6,2,R,710,1040,55, , ,622562.477,3849129.992,622562.477,3849129.992
amb.sal,40,73,366,6,2,R,730,930,35,all cluster, ,622562.677,3849128.892,622562.677,3849128.892
amb.sal,26,50,367,6,2,R,750,950,23,all cluster, ,622562.877,3849129.092,622562.877,3849129.092
ephedra,57,54,368,6,2,R,750,935,85,all cluster, ,622562.877,3849128.942,622562.877,3849128.942
amb.sal,30,47,369,6,2,R,760,930,38,all cluster,unsure measurement,622562.977,3849128.892,622562.977,3849128.892
lar.tri,122,94,L156,6,2,L,825,940,120, , ,622573.627,3849128.992,622573.627,3849128.992
u3,48,40,370,6,2,L,1000,775,56, , ,622575.377,3849127.342,622575.377,3849127.342
u3,83,51,371,6,2,L,720,735,50, , ,622572.577,3849126.942,622572.577,3849126.942
cyl.ech,27,27,372,6,2,L,980,600,26, , ,622575.177,3849125.592,622575.177,3849125.592
amb.sal,64,50,373,6,2,L,915,430,46, , ,622574.527,3849123.892,622574.527,3849123.892
u3,32,25,374,6,2,L,835,205,25, , ,622573.727,3849121.642,622573.727,3849121.642
u3,42,33,375,6,2,L,715,45,40, , ,622572.527,3849120.042,622572.527,3849120.042
cyl.ram,10,25,376,6,2,L,730,170,19, , ,622572.677,3849121.292,622572.677,3849121.292
u3,52,46,377,6,2,L,680,125,54, , ,622572.177,3849120.842,622572.177,3849120.842
lar.tri,302,182,L154,6,2,L,45,185,205, , ,622565.827,3849121.442,622565.827,3849121.442
lar.tri,366,193,L155,6,2,L,40,315,324, , ,622565.777,3849122.742,622565.777,3849122.742
u3,9,49,378,6,2,L,45,375,41, , ,622565.827,3849123.342,622565.827,3849123.342
lar.tri,125,150,L139,6,2,L,195,395,102, , ,622567.327,3849123.542,622567.327,3849123.542
lar.tri,189,153,L138,6,2,L,175,540,170, , ,622567.127,3849124.992,622567.127,3849124.992
amb.sal,64,45,379,6,2,L,180,832,60, , ,622567.177,3849127.912,622567.177,3849127.912
u3,40,30,380,6,2,L,170,945,29, , ,622567.077,3849129.042,622567.077,3849129.042
cyl.ech,37,44,381,6,2,L,175,945,17, , ,622567.127,3849129.042,622567.127,3849129.042
u3,50,36,382,6,2,L,70,915,48, , ,622566.077,3849128.742,622566.077,3849128.742
amb.sal,54,42,383,6,2,L,55,935,38, , ,622565.927,3849128.942,622565.927,3849128.942
tha.mon,64,38,384,6,2,L,45,970,52, , ,622565.827,3849129.292,622565.827,3849129.292
lar.tri,300,145,L137,6,2,L,310,690,260, , ,622568.477,3849126.492,622568.477,3849126.492
tha.mon,92,45,385,6,2,L,640,390,109, , ,622571.777,3849123.492,622571.777,3849123.492
cyl.ram,134,102,386,6,2,L,830,1000,127, , ,622573.677,3849129.592,622573.677,3849129.592
lar.tri,283,230,387,6,2,L,740,690,373,ring with 3, ,622572.777,3849126.492,622572.777,3849126.492
men.spi,23,28,388,6,2,L,665,730,24, , ,622572.027,3849126.892,622572.027,3849126.892
u3,50,52,389,6,2,L,875,570,45, , ,622574.127,3849125.292,622574.127,3849125.292
lar.tri,225,220,390,6,2,L,950,730,190, , ,622574.877,3849126.892,622574.877,3849126.892
lar.tri,205,190,391,6,2,L,860,345,151, , ,622573.977,3849123.042,622573.977,3849123.042
ephedra,158,86,392,6,2,L,870,95,145, , ,622574.077,3849120.542,622574.077,3849120.542
ephedra,57,38,393,6,2,L,595,325,45, , ,622571.327,3849122.842,622571.327,3849122.842
eri.fas,34,30,394,6,2,L,630,55,25, , ,622571.677,3849120.142,622571.677,3849120.142
eri.fas,36,40,395,6,2,L,595,75,28, , ,622571.327,3849120.342,622571.327,3849120.342
eri.fas,27,16,396,6,2,L,535,25,30, , ,622570.727,3849119.842,622570.727,3849119.842
eri.fas,27,19,397,6,2,L,500,120,19, , ,622570.377,3849120.792,622570.377,3849120.792
lar.tri,308,200,L140,6,2,L,340,110,245, , ,622568.777,3849120.692,622568.777,3849120.692
tha.mon,77,42,398,6,1,R,145,65,64, , ,622556.827,3849130.242,622556.827,3849130.242
amb.sal,55,45,399,6,1,R,130,340,55, , ,622556.677,3849132.992,622556.677,3849132.992
amb.sal,55,60,400,6,1,R,106,435,65, , ,622556.437,3849133.942,622556.437,3849133.942
eri.fas,56,36,401,6,1,R,70,470,67, , ,622556.077,3849134.292,622556.077,3849134.292
u3,50,35,402,6,1,R,0,550,45, , ,622555.377,3849135.092,622555.377,3849135.092
eri.fas,30,30,403,6,1,R,200,460,30, , ,622557.377,3849134.192,622557.377,3849134.192
eri.fas,15,16,404,6,1,R,95,550,15, , ,622556.327,3849135.092,622556.327,3849135.092
eri.fas,20,14,405,6,1,R,45,715,20, , ,622555.827,3849136.742,622555.827,3849136.742
men.spi,43,20,406,6,1,R,100,765,46, , ,622556.377,3849137.242,622556.377,3849137.242
u3,38,34,407,6,1,R,25,790,30, , ,622555.627,3849137.492,622555.627,3849137.492
u3,35,25,408,6,1,R,80,890,25, , ,622556.177,3849138.492,622556.177,3849138.492
amb.sal,107,60,409,6,1,R,10,950,95, , ,622555.477,3849139.092,622555.477,3849139.092
u3,35,20,410,6,1,R,185,985,25, , ,622557.227,3849139.442,622557.227,3849139.442
u3,60,45,411,6,1,R,330,810,50, , ,622558.677,3849137.692,622558.677,3849137.692
u3,25,30,412,6,1,R,370,735,26, , ,622559.077,3849136.942,622559.077,3849136.942
u3,25,38,413,6,1,R,410,775,22, , ,622559.477,3849137.342,622559.477,3849137.342
u3,69,48,414,6,1,R,440,760,50, , ,622559.777,3849137.192,622559.777,3849137.192
ephedra,110,65,415,6,1,R,635,740,120, , ,622561.727,3849136.992,622561.727,3849136.992
ephedra,110,66,416,6,1,R,725,700,93, , ,622562.627,3849136.592,622562.627,3849136.592
u3,40,33,417,6,1,R,750,950,26, , ,622562.877,3849139.092,622562.877,3849139.092
yuc.sch,80,63,418,6,1,R,850,975,58, , ,622563.877,3849139.342,622563.877,3849139.342
lar.tri,183,225,419,6,1,R,740,610,162, , ,622562.777,3849135.692,622562.777,3849135.692
lar.tri,360,178,420,6,1,R,880,630,410,clump, ,622564.177,3849135.892,622564.177,3849135.892
amb.sal,36,48,421,6,1,R,665,385,30, , ,622562.027,3849133.442,622562.027,3849133.442
u3,57,43,422,6,1,R,750,365,50, , ,622562.877,3849133.242,622562.877,3849133.242
cyl.ech,35,58,423,6,1,R,880,140,42, , ,622564.177,3849130.992,622564.177,3849130.992
men.spi,36,35,424,6,1,R,880,135,46, , ,622564.177,3849130.942,622564.177,3849130.942
lar.tri,50,58,425,6,1,R,600,30,44, , ,622561.377,3849129.892,622561.377,3849129.892
ephedra,405,60,426,6,1,R,450,420,405, , ,622559.877,3849133.792,622559.877,3849133.792
eri.fas,100,40,427,6,1,R,370,250,90, , ,622559.077,3849132.092,622559.077,3849132.092
lar.tri,343,181,L136,6,1,L,270,55,320, , ,622568.077,3849130.142,622568.077,3849130.142
eri.fas,30,26,428,6,1,L,395,200,29, , ,622569.327,3849131.592,622569.327,3849131.592
yuc.sch,125,140,429,6,1,L,225,675,116, , ,622567.627,3849136.342,622567.627,3849136.342
ephedra,107,60,430,6,1,L,50,820,79, , ,622565.877,3849137.792,622565.877,3849137.792
eri.fas,45,35,431,6,1,L,120,835,30, , ,622566.577,3849137.942,622566.577,3849137.942
yuc.sch,143,205,432,6,1,L,265,895,166, , ,622568.027,3849138.542,622568.027,3849138.542
amb.sal,47,44,433,6,1,L,395,765,33, , ,622569.327,3849137.242,622569.327,3849137.242
u3,74,37,434,6,1,L,430,935,59, , ,622569.677,3849138.942,622569.677,3849138.942
amb.sal,40,52,435,6,1,L,555,900,63, , ,622570.927,3849138.592,622570.927,3849138.592
u3,30,33,436,6,1,L,575,825,40, , ,622571.127,3849137.842,622571.127,3849137.842
u3,47,37,437,6,1,L,575,825,65, , ,622571.127,3849137.842,622571.127,3849137.842
u3,35,33,438,6,1,L,605,850,26, , ,622571.427,3849138.092,622571.427,3849138.092
u3,47,50,439,6,1,L,635,925,58, , ,622571.727,3849138.842,622571.727,3849138.842
ephedra,72,55,440,6,1,L,495,640,80, , ,622570.327,3849135.992,622570.327,3849135.992
eri.fas,36,35,441,6,1,L,565,625,44, , ,622571.027,3849135.842,622571.027,3849135.842
u3,40,36,442,6,1,L,710,595,41, , ,622572.477,3849135.542,622572.477,3849135.542
cyl.ech,44,56,443,6,1,L,860,730,53, , ,622573.977,3849136.892,622573.977,3849136.892
u3,75,50,444,6,1,L,825,530,83, , ,622573.627,3849134.892,622573.627,3849134.892
lar.tri,300,275,445,6,1,L,825,610,337, , ,622573.627,3849135.692,622573.627,3849135.692
u3,48,38,446,6,1,L,810,520,63, , ,622573.477,3849134.792,622573.477,3849134.792
u3,53,43,447,6,1,L,745,415,70, , ,622572.827,3849133.742,622572.827,3849133.742
cyl.ram,130,105,448,6,1,L,850,310,102, , ,622573.877,3849132.692,622573.877,3849132.692
u3,40,47,449,6,1,L,850,415,40, , ,622573.877,3849133.742,622573.877,3849133.742
