ID,Transect,Quadrat,Species,X,Y,Width,Length,Height,Notes,
1,6,8R,ephedra,140,226,71,30,58,,
2,6,8R,ephedra,165,262,69,53,66,,
3,6,8R,amb.sal,165,262,55,60,64,,
4,6,8R,eri.fas,89,113,30,23,24,,
5,6,8R,eri.fas,354,117,21,20,16,,
6,6,8R,u3,370,280,22,17,30,,
7,6,8R,eri.fas,53,474,43,28,39,,
8,6,8R,ephedra,99,474,52,50,38,,
9,6,8R,ephedra,150,530,46,31,33,,
10,6,8R,eri.fas,230,474,16,18,14,,
11,6,8R,cyl.ech,305,504,45,35,48,,
12,6,8R,u3,322,494,21,20,30,,
13,6,8R,u3,367,444,21,20,30,,
14,6,8R,u3,205,600,48,37,39,,
15,6,8R,u3,18,698,33,32,30,,
16,6,8R,?,30,768,40,63,29,,
17,6,8R,cyl.ram,66,930,168,151,102,,
18,6,8R,amb.sal,160,856,70,67,66,,
19,6,8R,u3,264,850,60,70,50,,
20,6,8R,cyl.ech,289,784,13,23,45,,
21,6,8R,amb.sal,289,777,36,45,45,,
22,6,8R,lar.tri,498,844,245,210,192,,
23,6,8R,ephedra,460,969,33,32,34,,
24,6,8R,lar.tri,570,665,204,191,151,,
25,6,8R,?,751,685,18,15,19,,
26,6,8R,u3,701,635,18,20,33,,
27,6,8R,u3,675,495,57,53,53,,
28,6,8R,lar.tri,497,372,147,230,157,,
29,6,8R,PG,520,393,30,45,36,,
30,6,8R,eri.fas,690,330,33,27,31,,
31,6,8R,u3,690,298,42,30,42,,
32,6,8R,eri.fas,934,218,29,15,23,,
33,6,8R,eri.fas,955,196,24,38,18,,
34,6,8L,ephedra,200,38,80,82,59,,
35,6,8L,lar.tri,265,109,354,309,183,,
36,6,8L,ephedra,270,49,42,95,73,,
37,6,8L,ephedra,410,106,112,92,66,,
38,6,8L,u3,310,259,48,49,39,,
39,6,8L,?,430,342,26,20,22,,
40,6,8L,?,484,309,14,14,18,,
41,6,8L,u3,506,273,11,14,17,,
42,6,8L,lar.tri,55,505,290,295,180,,
43,6,8L,u3,170,255,35,29,31,,
44,6,8L,lar.tri,40,865,153,203,110,,
45,6,8L,u3,160,885,40,50,34,,
46,6,8L,?,390,790,16,20,23,,
47,6,8L,?,420,595,29,33,37,,
48,6,8L,?,425,480,53,55,32,,
49,6,8L,cyl.ech,445,465,37,41,33,,
50,6,8L,?,650,910,27,11,29,,
51,6,8L,lar.tri,960,905,320,363,264,,
52,6,8L,?,880,590,33,25,29,,
53,6,8L,?,770,470,46,46,36,,
54,6,8L,lar.tri,770,330,241,271,243,,
55,6,8L,?,950,420,9,8,15,,
56,6,8L,ephedra,730,60,55,56,43,,
57,6,8L,?,680,210,54,57,41,,
58,6,8L,ephedra,735,325,44,34,45,,
59,6,8L,ephedra,670,370,108,94,50,,
60,6,8L,u3,580,465,40,30,36,,
61,6,7R,PG,60,50,85,87,96,,
62,6,7R,eri.fas,75,30,32,38,35,,
63,6,7R,eri.fas,255,30,78,86,46,,
64,6,7R,amb.sal,370,95,9,10,14,,
65,6,7R,ephedra,25,310,74,75,50,,
66,6,7R,PG,0,330,69,79,59,,
67,6,7R,cyl.ech,20,345,31,22,40,,
68,6,7R,u3,75,450,27,45,39,,
69,6,7R,u3,95,595,67,50,45,,
70,6,7R,ephedra,195,510,95,95,60,,
71,6,7R,tha.mon,245,550,33,24,28,,
72,6,7R,u3,245,550,29,50,34,,
73,6,7R,u3,190,410,53,43,44,,
74,6,7R,u3,10,800,38,40,48,,
75,6,7R,ephedra,135,175,107,139,69,,
76,6,7R,u3,215,870,30,53,51,,
77,6,7R,u3,235,825,27,29,41,,
78,6,7R,u3,260,900,80,50,47,,
79,6,7R,amb.sal,365,860,35,57,50,,
80,6,7R,u3,515,910,58,40,38,,
81,6,7R,u3,555,770,36,41,37,,
82,6,7R,u3,655,975,26,33,37,,
83,6,7R,u3,710,920,62,52,56,,
84,6,7R,cyl.ram,710,970,14,16,40,,
L148,6,7R,lar.tri,775,715,460,366,160,,
L147,6,7R,lar.tri,860,370,284,243,234,,
85,6,7R,ephedra,745,175,60,47,46,,
86,6,7R,u3,540,640,36,30,27,,
87,6,7R,u3,520,605,49,33,43,,
88,6,7R,ephedra,550,475,69,64,50,,
89,6,7R,u3,420,565,39,32,42,,
90,6,7R,u3,480,210,50,30,35,,
91,6,7R,lar.tri,400,290,75,95,55,,
92,6,7R,u3,320,340,60,53,52,,
93,6,7R,cyl.ram,320,245,7,5,16,,
94,6,7R,u3,260,310,25,42,36,,
95,6,7R,lar.tri,210,280,15,12,20,,
96,6,7L,u3,50,30,45,45,38,,
97,6,7L,ephedra,125,65,42,60,35,,
98,6,7L,ephedra,160,105,60,90,59,,
99,6,7L,ephedra,295,270,30,28,33,,
100,6,7L,ephedra,305,315,64,65,51,,
101,6,7L,ephedra,320,355,30,37,32,,
102,6,7L,ephedra,295,255,6,8,19,,
103,6,7L,ephedra,295,295,9,25,34,,
104,6,7L,ephedra,305,260,4,6,28,,
105,6,7L,ephedra,305,240,7,6,18,,
106,6,7L,ephedra,315,285,12,13,35,,
L145,6,7L,lar.tri,355,680,308,339,193,,
107,6,7L,amb.sal,20,920,67,79,58,,
108,6,7L,ephedra,155,915,33,15,37,,
109,6,7L,ephedra,175,770,40,20,35,,
110,6,7L,ephedra,195,795,26,33,40,,
111,6,7L,ephedra,235,805,20,12,32,,
112,6,7L,ephedra,235,835,25,24,34,,
113,6,7L,u3,425,780,62,63,46,,
114,6,7L,ephedra,470,600,9,160,76,,
115,6,7L,ephedra,395,550,46,74,47,,
116,6,7L,u3,490,750,28,26,40,,
117,6,7L,cyl.ram,510,845,15,26,40,,
118,6,7L,PG,550,960,52,60,53,,
119,6,7L,cyl.ram,590,800,33,22,45,,
120,6,7L,u3,670,900,31,19,30,,
121,6,7L,u3,745,630,50,74,46,,
122,6,7L,lar.tri,840,510,240,215,216,,
123,6,7L,ephedra,985,530,31,29,30,,
124,6,7L,eri.fas,990,600,15,21,20,,
125,6,7L,u3,955,275,55,59,43,,
126,6,7L,men.spi?,910,110,28,40,18,,
127,6,7L,u3,875,185,26,21,30,,
128,6,7L,u3,785,125,35,33,30,,
129,6,7L,cyl.ram,680,165,63,65,60,,
130,6,7L,u3,620,60,30,40,54,,
131,6,7L,u3,545,325,50,38,31,,
L146,6,6R,lar.tri,450,395,350,385,220,,
132,6,6R,amb.sal,450,35,95,68,70,,
133,6,6R,ephedra,180,180,52,42,55,,
134,6,6R,lar.tri,50,280,254,310,193,,
135,6,6R,u3,107,665,59,64,39,,
136,6,6R,u3,220,765,52,30,36,,
137,6,6R,ephedra,40,765,84,94,52,,
138,6,6R,ephedra,80,805,70,66,56,,
139,6,6R,ephedra,10,890,40,46,33,,
140,6,6R,U?,134,910,62,40,38,"toothed fuzzy leaves, large flower head",
141,6,6R,u3,220,785,27,50,34,,
142,6,6R,lar.tri,490,1000,270,310,157,,
143,6,6R,u3,440,690,70,67,45,,
144,6,6R,ephedra,650,810,53,52,51,,
145,6,6R,u3,685,830,45,30,34,,
146,6,6R,cyl.ech,765,525,23,21,20,,
147,6,6R,u3,570,610,26,32,23,,
148,6,6R,cyl.ech,765,525,23,21,20,,
149,6,6R,ephedra,800,680,100,100,55,,
150,6,6R,ephedra,750,680,60,55,50,,
151,6,6R,u3,700,595,47,56,38,,
152,6,6R,cyl.ech,690,595,25,26,46,,
L149,6,6R,lar.tri,750,305,376,272,165,,
153,6,6R,u3,605,150,50,43,44,,
154,6,6R,u3,965,265,30,30,31,,
155,6,6R,u3,885,75,20,18,29,,
156,6,6L,ephedra,120,65,47,49,49,,
157,6,6L,ephedra,155,70,35,53,50,,
158,6,6L,ephedra,30,120,10,8,30,,
159,6,6L,ephedra,205,190,30,32,32,,
160,6,6L,ephedra,35,425,46,45,60,,
161,6,6L,amb.sal,60,425,57,48,72,,
162,6,6L,u3,0,515,50,40,46,,
163,6,6L,u3,230,515,34,55,45,,
164,6,6L,PG,260,665,5,6,11,under dead shrub,
165,6,6L,PG,170,805,125,120,100,,
166,6,6L,ephedra,610,870,175,138,52,ring formation,
167,6,6L,u3,560,915,22,30,29,,
168,6,6L,u3,585,870,39,30,36,inside ephedra ring,
169,6,6L,cyl.ram,680,905,44,47,66,,
170,6,6L,u3,680,855,30,20,36,,
171,6,6L,eri.fas,680,970,34,24,36,,
172,6,6L,PG,730,950,100,109,71,,
173,6,6L,PG,760,830,64,84,92,,
174,6,6L,PG,920,930,132,137,107,,
175,6,6L,ephedra,440,970,86,103,70,,
176,6,6L,PG,730,615,87,74,38,,
177,6,6L,u3,630,575,53,33,30,,
178,6,6L,u3,560,630,72,66,35,,
179,6,6L,u3,755,655,18,18,20,,
180,6,6L,u3,570,540,44,55,35,,
181,6,6L,amb.sal,1000,445,120,92,66,,
182,6,6L,tha.mon,1000,355,64,53,39,,
183,6,6L,ephedra,910,95,115,149,87,,
184,6,6L,ephedra,845,150,122,117,87,,
185,6,6L,lar.tri,710,145,70,59,60,,
186,6,6L,lar.tri,665,315,13,19,25,under dead shrub,
187,6,6L,eri.fas,565,135,95,46,49,,
188,6,6L,cyl.ech,550,85,33,40,46,,
189,6,6L,eri.fas,435,285,25,22,45,,
190,6,5R,u2,350,155,56,33,42,,
191,6,5R,eri.fas,265,235,26,28,26,,
192,6,5R,sal.mex,140,130,30,33,28,,
193,6,5R,ephedra,30,320,51,39,41,,
194,6,5R,ephedra,0,420,89,87,57,,
195,6,5R,cyl.aca,165,430,26,39,63,,
196,6,5R,cyl.ech,45,870,29,28,25,,
197,6,5R,eri.fas,95,905,67,65,50,,
198,6,5R,lar.tri,470,780,270,230,193,,
199,6,5R,ephedra,560,990,42,39,35,,
200,6,5R,ephedra,750,760,130,96,55,,
L150,6,5R,lar.tri,865,725,318,336,185,,
201,6,5R,eri.fas,925,260,12,10,25,,
202,6,5R,ephedra,775,135,193,132,50,ring formation,
203,6,5R,cyl.ech,970,20,37,35,31,,
204,6,5R,u3,730,80,40,37,50,,
205,6,5R,ephedra,695,110,116,90,70,,
206,6,5R,u3,655,60,42,37,37,,
207,6,5L,u3,270,0,70,53,39,,
208,6,5L,PG,240,95,85,90,73,,
209,6,5L,amb.sal,340,35,70,80,60,,
210,6,5L,u3,60,960,33,37,33,,
211,6,5L,eri.fas,240,900,19,20,40,,
212,6,5L,cyl.ech,480,740,23,28,49,,
213,6,5L,u3,395,665,49,28,34,,
214,6,5L,u3,495,780,30,40,26,,
215,6,5L,cyl.ram,485,740,18,8,10,,
216,6,5L,eri.fas,515,780,10,7,8,sample,
217,6,5L,amb.sal,565,975,44,58,60,,
218,6,5L,PG,590,960,67,113,60,,
219,6,5L,u3,630,950,33,27,35,,
220,6,5L,u3,605,950,20,20,30,,
221,6,5L,u3,710,870,46,30,38,,
222,6,5L,ephedra,800,780,67,74,45,,
223,6,5L,u3,945,925,110,85,60,,
224,6,5L,cyl.ech,900,785,44,63,35,,
225,6,5L,u3,900,795,44,63,35,surround SC,
226,6,5L,PG,870,345,65,52,52,,
227,6,5L,u3,960,320,38,35,30,,
228,6,5L,u3,940,85,40,36,30,,
229,6,5L,eri.fas,840,25,47,79,30,,
230,6,5L,u3,850,190,60,69,45,,
231,6,5L,u3,735,110,65,53,48,,
232,6,5L,PG,580,80,88,80,85,,
233,6,5L,eri.fas,460,170,20,18,16,,
234,6,4R,u3,95,60,50,47,40,,
235,6,4R,ephedra,65,210,115,91,60,,
236,6,4R,ephedra,310,85,138,164,45,ring with 4 clumps,
237,6,4R,eri.fas,130,530,77,72,41,,
238,6,4R,cyl.ech,100,740,45,51,45,,
239,6,4R,eri.fas,95,785,23,18,25,,
240,6,4R,eri.fas,255,840,66,47,50,,
241,6,4R,ephedra,320,640,38,36,36,,
242,6,4R,ephedra,470,665,88,100,46,,
243,6,4R,u3,470,790,105,50,75,,
244,6,4R,lar.tri,470,585,353,276,204,,
245,6,4R,u3,665,650,53,36,35,,
246,6,4R,u3,700,735,52,68,41,,
247,6,4R,ephedra,850,790,105,50,75,,
L152,6,4R,lar.tri,890,760,102,103,168,,
248,6,4R,ephedra,920,850,76,80,50,,
249,6,4R,ephedra,965,970,105,95,57,,
250,6,4R,tha.mon,650,485,74,60,40,,
251,6,4R,men.spi,640,440,57,16,40,,
L151,6,4R,lar.tri,820,330,272,330,246,,
252,6,4R,u3,830,135,58,48,30,,
253,6,4R,?,740,120,64,67,49,very few leave,
254,6,4R,ephedra,580,310,100,102,70,,
255,6,4L,ephedra,110,40,127,115,61,,
256,6,4L,tha.mon,145,290,78,53,38,,
257,6,4L,eri.fas,145,290,14,20,38,inside turp,
258,6,4L,eri.fas,195,325,12,8,11,in dead shrub,
259,6,4L,eri.fas,250,440,57,37,30,,
260,6,4L,eri.fas,175,570,46,27,41,,
261,6,4L,u3,85,665,63,40,35,,
262,6,4L,amb.sal,85,735,108,87,85,,
L144,6,4L,lar.tri,185,910,312,290,230,,
263,6,4L,men.spi,125,965,23,35,20,,
264,6,4L,u3,5,1000,30,20,30,,
265,6,4L,ephedra,510,640,203,96,70,ring formation,
266,6,4L,ephedra,650,665,147,140,63,ring formation,
267,6,4L,u3,960,860,44,60,46,,
268,6,4L,cyl.ech,1000,810,57,76,71,,
269,6,4L,ephedra,935,760,105,87,63,,
270,6,4L,ephedra,915,590,85,65,47,,
271,6,4L,amb.sal,720,690,7,4,17,under dead shrub,
272,6,4L,u3,765,590,30,24,22,,
273,6,4L,amb.sal,680,545,25,23,34,,
274,6,4L,cyl.ram,615,500,144,149,97,,
275,6,4L,PG,495,440,90,80,80,,
276,6,4L,u3,640,380,36,27,29,,
277,6,4L,eri.fas,625,380,34,25,20,under PG,
278,6,4L,eri.fas,340,155,70,48,25,,
279,6,4L,u3,450,15,62,37,48,,
280,6,4L,cyl.ram,475,5,13,14,30,,
281,6,4L,eri.fas,430,215,40,50,46,,
282,6,4L,cyl.ram,395,275,76,39,60,,
283,6,4L,men.spi,420,290,35,25,35,,
284,6,4L,yuc.sch,470,244,129,137,130,,
285,6,4L,PG,580,190,98,61,62,,
286,6,4L,amb.sal,580,255,80,64,74,,
287,6,4L,amb.sal,650,305,52,55,41,,
288,6,4L,ephedra,650,315,38,23,38,,
289,6,4L,cyl.ram,700,105,9,9,10,,
290,6,4L,u3,720,205,26,31,40,,
291,6,4L,u3,785,110,23,12,29,,
292,6,4L,u3,805,305,52,48,37,,
293,6,4L,yuc.sch,845,155,102,100,107,,
294,6,4L,amb.sal,900,235,29,40,59,,
295,6,4L,PG,900,240,35,30,45,,
296,6,4L,u3,905,315,55,50,48,,
297,6,4L,ephedra,825,305,32,28,32,,
298,6,3R,lar.tri,505,145,230,284,201,,
299,6,3R,PG,345,340,82,80,70,,
300,6,3R,u3,390,365,38,40,33,,
301,6,3R,ephedra,245,60,83,46,44,,
302,6,3R,ephedra,130,200,71,60,46,,
303,6,3R,ephedra,175,250,60,67,48,,
304,6,3R,cyl.ech,220,470,35,30,44,,
305,6,3R,ephedra,150,585,100,106,65,,
306,6,3R,amb.sal,40,540,72,73,60,,
307,6,3R,eri.fas,120,630,17,18,25,,
308,6,3R,amb.sal,75,640,36,31,36,,
309,6,3R,amb.sal,15,675,29,36,35,,
310,6,3R,amb.sal,195,725,48,40,40,,
311,6,3R,cyl.ech,220,730,21,23,17,,
312,6,3R,amb.sal,80,760,52,55,46,,
313,6,3R,amb.sal,90,805,40,32,42,,
314,6,3R,amb.sal,140,895,129,115,80,,
315,6,3R,u3,30,975,46,47,40,,
316,6,3R,amb.sal,245,910,28,30,42,,
317,6,3R,u3,310,910,26,25,28,,
318,6,3R,ephedra,420,900,128,100,70,,
319,6,3R,lar.tri,465,830,146,150,200,,
320,6,3R,ephedra,420,900,128,100,70,,
321,6,3R,?,820,580,40,28,25,"looks like u3, dense, sticky fragrant",
322,6,3R,amb.sal,895,470,54,54,69,,
323,6,3R,ephedra,685,415,145,115,87,,
324,6,3R,ephedra,755,380,60,65,62,,
L153,6,3R,lar.tri,820,170,373,258,218,,
325,6,3L,ephedra,85,145,54,54,40,,
326,6,3L,ephedra,90,190,75,60,40,,
327,6,3L,cyl.ram,130,185,28,24,18,,
L141,6,3L,lar.tri,175,430,231,182,197,,
328,6,3L,?,20,840,40,54,25,spiny w/ few leaves,
329,6,3L,ephedra,260,745,55,60,50,,
330,6,3L,u3,280,68,45,37,30,,
331,6,3L,ephedra,410,580,146,67,70,,
L142,6,3L,lar.tri,580,535,,,,monster,
332,6,3L,lar.tri,580,385,,,,monster,"all one plant, coordinates are bounding"
333,6,3L,lar.tri,785,455,,,,monster,
334,6,3L,lar.tri,785,220,,,,monster,
335,6,3L,u3,955,455,15,18,19,,
336,6,3L,ephedra,930,250,105,60,40,,
337,6,3L,ephedra,885,180,51,55,40,,
338,6,3L,u3,1000,25,52,31,41,,
339,6,3L,cyl.ech,980,25,35,22,36,,
340,6,3L,ephedra,895,30,65,60,55,,
341,6,3L,u3,680,35,43,27,51,,
L143,6,3L,lar.tri,460,110,226,109,147,,
342,6,2R,u3,310,30,55,52,34,,
343,6,2R,amb.sal,275,60,10,12,36,,
344,6,2R,amb.sal,275,135,71,88,54,,
345,6,2R,amb.sal,170,130,33,63,41,,
346,6,2R,amb.sal,0,180,50,54,70,,
347,6,2R,ephedra,110,500,200,130,60,looks like 3,
348,6,2R,eri.fas,190,735,32,45,43,,
349,6,2R,cyl.ram,180,755,15,15,17,,
350,6,2R,amb.sal,425,200,37,30,38,started at bottom again,
351,6,2R,cyl.ram,465,175,18,19,21,,
352,6,2R,tha.mon,480,185,34,54,37,,
353,6,2R,u3,515,200,43,42,50,,
354,6,2R,u3,450,250,30,25,38,,
355,6,2R,u3,410,320,65,62,50,,
356,6,2R,u3,470,350,60,36,44,,
357,6,2R,eri.fas,410,445,37,58,40,,
358,6,2R,u3,505,555,62,56,5,,
359,6,2R,ephedra,680,445,167,104,66,,
360,6,2R,u3,705,485,35,56,52,,
361,6,2R,u3,695,575,43,39,36,,
362,6,2R,u3,605,675,42,44,38,,
363,6,2R,eri.fas,560,895,51,51,41,,
364,6,2R,amb.sal,635,1125,49,34,69,,
365,6,2R,amb.sal,710,1040,50,55,50,,
366,6,2R,amb.sal,730,930,40,35,73,all cluster,
367,6,2R,amb.sal,750,950,26,23,50,all cluster,
368,6,2R,ephedra,750,935,57,85,54,all cluster,
369,6,2R,amb.sal,760,930,30,38,47,all cluster,unsure measurement
L156,6,2L,lar.tri,825,940,122,120,94,,
370,6,2L,u3,1000,775,48,56,40,,
371,6,2L,u3,720,735,83,50,51,,
372,6,2L,cyl.ech,980,600,27,26,27,,
373,6,2L,amb.sal,915,430,64,46,50,,
374,6,2L,u3,835,205,32,25,25,,
375,6,2L,u3,715,45,42,40,33,,
376,6,2L,cyl.ram,730,170,10,19,25,,
377,6,2L,u3,680,125,52,54,46,,
L154,6,2L,lar.tri,45,185,302,205,182,,
L155,6,2L,lar.tri,40,315,366,324,193,,
378,6,2L,u3,45,375,9,41,49,,
L139,6,2L,lar.tri,195,395,125,102,150,,
L138,6,2L,lar.tri,175,540,189,170,153,,
379,6,2L,amb.sal,180,832,64,60,45,,
380,6,2L,u3,170,945,40,29,30,,
381,6,2L,cyl.ech,175,945,37,17,44,,
382,6,2L,u3,70,915,50,48,36,,
383,6,2L,amb.sal,55,935,54,38,42,,
384,6,2L,tha.mon,45,970,64,52,38,,
L137,6,2L,lar.tri,310,690,300,260,145,,
385,6,2L,tha.mon,640,390,92,109,45,,
386,6,2L,cyl.ram,830,1000,134,127,102,,
387,6,2L,lar.tri,740,690,283,373,230,ring with 3,
388,6,2L,men.spi,665,730,23,24,28,,
389,6,2L,u3,875,570,50,45,52,,
390,6,2L,lar.tri,950,730,225,190,220,,
391,6,2L,lar.tri,860,345,205,151,190,,
392,6,2L,ephedra,870,95,158,145,86,,
393,6,2L,ephedra,595,325,57,45,38,,
394,6,2L,eri.fas,630,55,34,25,30,,
395,6,2L,eri.fas,595,75,36,28,40,,
396,6,2L,eri.fas,535,25,27,30,16,,
397,6,2L,eri.fas,500,120,27,19,19,,
L140,6,2L,lar.tri,340,110,308,245,200,,
398,6,1R,tha.mon,145,65,77,64,42,,
399,6,1R,amb.sal,130,340,55,55,45,,
400,6,1R,amb.sal,106,435,55,65,60,,
401,6,1R,eri.fas,70,470,56,67,36,,
402,6,1R,u3,0,550,50,45,35,,
403,6,1R,eri.fas,200,460,30,30,30,,
404,6,1R,eri.fas,95,550,15,15,16,,
405,6,1R,eri.fas,45,715,20,20,14,,
406,6,1R,men.spi,100,765,43,46,20,,
407,6,1R,u3,25,790,38,30,34,,
408,6,1R,u3,80,890,35,25,25,,
409,6,1R,amb.sal,10,950,107,95,60,,
410,6,1R,u3,185,985,35,25,20,,
411,6,1R,u3,330,810,60,50,45,,
412,6,1R,u3,370,735,25,26,30,,
413,6,1R,u3,410,775,25,22,38,,
414,6,1R,u3,440,760,69,50,48,,
415,6,1R,ephedra,635,740,110,120,65,,
416,6,1R,ephedra,725,700,110,93,66,,
417,6,1R,u3,750,950,40,26,33,,
418,6,1R,yuc.sch,850,975,80,58,63,,
419,6,1R,lar.tri,740,610,183,162,225,,
420,6,1R,lar.tri,880,630,360,410,178,clump,
421,6,1R,amb.sal,665,385,36,30,48,,
422,6,1R,u3,750,365,57,50,43,,
423,6,1R,cyl.ech,880,140,35,42,58,,
424,6,1R,men.spi,880,135,36,46,35,,
425,6,1R,lar.tri,600,30,50,44,58,,
426,6,1R,ephedra,450,420,405,405,60,,
427,6,1R,eri.fas,370,250,100,90,40,,
L136,6,1L,lar.tri,270,55,343,320,181,,
428,6,1L,eri.fas,395,200,30,29,26,,
429,6,1L,yuc.sch,225,675,125,116,140,,
430,6,1L,ephedra,50,820,107,79,60,,
431,6,1L,eri.fas,120,835,45,30,35,,
432,6,1L,yuc.sch,265,895,143,166,205,,
433,6,1L,amb.sal,395,765,47,33,44,,
434,6,1L,u3,430,935,74,59,37,,
435,6,1L,amb.sal,555,900,40,63,52,,
436,6,1L,u3,575,825,30,40,33,,
437,6,1L,u3,575,825,47,65,37,,
438,6,1L,u3,605,850,35,26,33,,
439,6,1L,u3,635,925,47,58,50,,
440,6,1L,ephedra,495,640,72,80,55,,
441,6,1L,eri.fas,565,625,36,44,35,,
442,6,1L,u3,710,595,40,41,36,,
443,6,1L,cyl.ech,860,730,44,53,56,,
444,6,1L,u3,825,530,75,83,50,,
445,6,1L,lar.tri,825,610,300,337,275,,
446,6,1L,u3,810,520,48,63,38,,
447,6,1L,u3,745,415,53,70,43,,
448,6,1L,cyl.ram,850,310,130,102,105,,
449,6,1L,u3,850,415,40,40,47,,
1,5,8R,ephedra,135,155,48,51,52,,
2,5,8R,PG,170,150,79,115,65,,
3,5,8R,s.mexicana,150,305,56,66,50,,
4,5,8R,amb.sal,235,344,73,67,57,,
5,5,8R,men.spi,110,590,46,36,27,,
6,5,8R,u3,105,690,44,27,40,,
7,5,8R,tha.mon,65,660,89,70,44,,
8,5,8R,u3,105,690,44,27,40,,
9,5,8R,tha.mon,55,825,70,71,37,,
10,5,8R,PG,0,845,153,115,106,,
11,5,8R,ephedra,70,900,73,60,48,,
12,5,8R,amb.sal,255,750,88,76,60,,
13,5,8R,amb.sal,315,790,46,31,45,,
14,5,8R,amb.sal,355,540,51,40,51,,
15,5,8R,u3,355,830,40,47,38,,
16,5,8R,ephedra,335,630,93,62,37,,
17,5,8R,u3,480,530,41,40,47,,
18,5,8R,u3,485,640,80,57,45,,
19,5,8R,tha.mon,495,805,54,50,40,total overlap w/ 20,
20,5,8R,ephedra,495,805,54,50,40,total overlap w/21,
21,5,8R,cyl.ech,515,890,65,64,50,,
22,5,8R,u3,435,835,45,33,30,,
23,5,8R,lar.tri,765,840,350,468,254,,
24,5,8R,u3,870,640,38,43,30,,
25,5,8R,u3,850,695,23,34,17,,
26,5,8R,ephedra,975,555,100,64,53,,
27,5,8R,cyl.ech,965,535,40,34,55,,
28,5,8R,u3,850,520,25,14,44,,
29,5,8R,dense.u3,870,460,50,32,50,looks like u3 but more dense,
30,5,8R,u3,755,420,40,37,41,,
31,5,8R,u3,760,360,68,62,42,,
32,5,8R,u3,760,290,45,27,50,,
33,5,8R,tha.mon,945,200,69,55,34,,
34,5,8R,cyl.ram,950,195,9,5,26,,
35,5,8R,lar.tri,865,140,340,420,230,,
36,5,8R,ephedra,865,140,105,110,70,,
37,5,8R,u3,910,215,64,30,18,,
38,5,8R,u3,530,105,29,34,45,,
39,5,8R,yuc.sch,565,0,66,63,65,,
40,5,8R,men.spi,555,265,25,25,18,,
41,5,8R,u3,450,0,68,56,35,*may be in T6,
42,5,8L,u3?,450,130,32,45,27,,
43,5,8L,eri.fas,370,320,57,38,32,,
44,5,8L,ephedra,210,135,104,72,70,,
45,5,8L,tha.mon,210,165,82,55,46,,
46,5,8L,ephedra,255,285,84,47,41,,
47,5,8L,ephedra,30,390,80,82,50,,
48,5,8L,ephedra,0,630,135,105,75,,
49,5,8L,cyl.ech,45,645,19,17,43,,
50,5,8L,u3,30,685,72,33,59,,
51,5,8L,u3,70,770,39,43,31,,
52,5,8L,u3,75,865,29,25,42,,
53,5,8L,yuc.sch,170,875,220,180,175,,
54,5,8L,u3,5,930,23,36,36,,
55,5,8L,u3,35,935,45,53,30,,
56,5,8L,u3,245,945,45,30,33,,
57,5,8L,u3,280,865,46,46,40,,
58,5,8L,u3,330,805,46,61,50,,
59,5,8L,u3,350,880,60,43,43,,
60,5,8L,u3,455,820,70,55,52,,
61,5,8L,u3,345,900,15,29,33,,
62,5,8L,lar.tri,490,655,375,277,185,,
63,5,8L,amb.sal,725,845,57,56,44,,
64,5,8L,u3,770,980,50,56,44,,
65,5,8L,tha.mon,820,905,57,40,34,,
66,5,8L,u3,895,695,58,62,35,,
67,5,8L,men.spi,700,565,35,23,24,,
68,5,8L,ephedra,910,385,84,120,69,,
69,5,8L,ephedra,945,235,73,45,44,,
70,5,8L,ephedra,985,275,79,76,52,,
71,5,8L,ephedra,810,315,123,100,52,,
72,5,8L,u3,965,135,74,60,43,,
73,5,8L,lar.tri,780,105,68,74,68,,
74,5,8L,tha.mon,760,210,53,64,42,,
75,5,8L,u3,740,210,48,26,30,,
76,5,8L,tha.mon,705,130,67,50,40,,
77,5,8L,tha.mon,605,495,80,55,48,,
78,5,8L,?,455,185,8,12,20,*few leaves,
79,5,7R,amb.sal,260,75,45,57,53,,
80,5,7R,PG,130,45,135,97,78,,
81,5,7R,?10,440,20,35,25,45,same unknown,
82,5,7R,?10,400,25,43,31,47,same unknown,
83,5,7R,cyl.ech,270,110,25,31,36,,
84,5,7R,amb.sal,160,0,26,18,35,,
85,5,7R,amb.sal,95,160,130,115,67,,
86,5,7R,u3,315,320,36,43,34,,
87,5,7R,u3,240,420,22,35,28,,
88,5,7R,u3,230,310,40,29,39,,
89,5,7R,u3,220,285,45,24,43,,
90,5,7R,u3,190,285,45,24,43,,
91,5,7R,u3,135,345,37,30,39,,
92,5,7R,amb.sal,135,285,94,74,73,,
93,5,7R,u3,80,265,58,45,45,,
94,5,7R,u3,25,335,47,32,27,,
95,5,7R,u3,170,510,30,34,35,,
96,5,7R,u3,145,550,40,26,24,,
97,5,7R,men.spi,285,595,78,78,53,,
98,5,7R,amb.sal,55,590,70,48,443,,
99,5,7R,u3,200,645,45,49,43,,
100,5,7R,ephedra,205,705,147,124,62,,
101,5,7R,tha.mon,65,900,89,68,30,,
102,5,7R,cyl.ram,50,925,18,11,24,,
103,5,7R,tha.mon,160,970,85,58,38,,
104,5,7R,amb.sal,300,945,115,104,66,,
105,5,7R,u3,455,955,42,48,43,,
106,5,7R,cyl.ram,605,780,16,10,30,,
107,5,7R,ephedra,655,975,90,60,60,,
108,5,7R,ephedra,705,790,125,115,62,,
109,5,7R,u3,775,815,90,47,32,,
110,5,7R,u3,510,545,90,50,57,,
L125,5,7R,lar.tri,75,400,470,419,208,,
111,5,7R,u3,660,560,47,21,46,,
112,5,7R,u3,710,520,44,39,43,,
113,5,7R,tha.mon,1000,560,84,75,42,,
114,5,7R,cyl.ram,810,365,123,130,122,,
115,5,7R,u3,890,200,41,26,34,,
116,5,7R,u3,895,35,38,30,49,,
117,5,7R,u3,795,450,17,40,25,,
118,5,7R,eri.coo,775,40,50,36,38,AMDD?!?,
119,5,7R,tha.mon,715,70,70,68,45,,
120,5,7L,u3,305,355,38,31,35,,
121,5,7L,u3,210,390,38,39,30,,
122,5,7L,u3,95,335,46,32,40,,
123,5,7L,eri.fas,60,385,38,36,34,red stemmed,
124,5,7L,cyl.ram,170,280,10,8,6,,
125,5,7L,eri.fas,215,725,16,34,15,,
126,5,7L,ephedra,70,920,194,150,65,,
127,5,7L,dense.u3,220,1000,76,71,47,looks like u3 but more dense,
128,5,7L,u3,265,965,32,23,35,,
129,5,7L,u3,400,805,18,36,30,,
130,5,7L,tha.mon,775,770,80,77,42,,
131,5,7L,lar.tri,850,880,290,190,235,,
L124,5,7L,lar.tri,530,640,310,300,185,,
132,5,7L,cyl.ram,780,625,108,79,75,,
133,5,7L,ephedra,775,615,98,46,42,,
134,5,7L,u3,900,555,45,37,38,,
135,5,7L,u3,940,395,36,56,42,,
136,5,7L,u3,895,260,66,72,56,,
137,5,7L,u3,935,230,39,25,36,,
138,5,7L,u3,985,220,86,73,46,,
139,5,7L,ephedra,950,135,46,56,43,,
140,5,7L,u3,805,165,15,26,32,,
141,5,7L,yuc.sch,575,60,122,119,132,,
142,5,7L,ephedra,595,85,149,137,66,,
143,5,7L,ephedra,630,430,123,150,47,,
144,5,7L,u3,595,310,44,30,38,,
145,5,7L,cyl.ram,540,420,87,67,68,,
146,5,7L,u3,575,165,18,10,28,inside dead shrub,
147,5,7L,amb.sal,455,270,69,60,53,,
148,5,6R,u3,495,85,63,47,55,,
149,5,6R,u3,480,285,41,29,36,,
150,5,6R,u3,460,220,90,60,44,,
151,5,6R,u3,420,315,65,36,43,,
152,5,6R,cyl.ech,420,330,34,23,33,,
153,5,6R,u3,260,45,53,39,33,,
154,5,6R,u3,230,290,30,38,45,,
155,5,6R,u3,160,20,53,42,43,,
156,5,6R,u3,115,35,64,38,36,,
157,5,6R,u3,55,45,39,21,31,,
158,5,6R,lar.tri,80,80,28,22,23,,
159,5,6R,cyl.ram,65,120,38,42,53,,
160,5,6R,u3,75,105,64,32,46,,
161,5,6R,amb.sal,100,185,86,53,79,,
162,5,6R,u3,110,260,48,34,42,,
163,5,6R,u3,210,275,36,30,44,,
164,5,6R,ephedra,15,335,40,49,37,,
165,5,6R,yuc.sch,230,630,170,174,151,,
166,5,6R,u3,130,700,45,42,45,,
167,5,6R,u3,50,770,69,41,52,,
168,5,6R,u3,285,735,42,48,40,,
169,5,6R,u3,350,600,35,30,26,,
170,5,6R,ephedra,380,720,132,108,60,,
L126,5,6R,lar.tri,495,740,370,219,225,,
L127,5,6R,lar.tri,570,1000,525,446,196,,
171,5,6R,u3,795,820,78,47,39,,
172,5,6R,u3,860,1000,32,41,34,,
173,5,6R,u3,890,965,19,17,23,,
174,5,6R,ephedra,990,935,74,83,66,,
175,5,6R,ephedra,770,845,73,50,41,,
176,5,6R,ephedra,845,820,61,60,45,,
177,5,6R,u3,800,790,49,46,47,,
178,5,6R,u3,915,445,31,35,40,,
179,5,6R,u3,965,385,65,64,38,,
180,5,6R,u3,930,355,18,18,17,,
181,5,6R,amb.sal,800,305,97,82,67,,
182,5,6R,u3,855,305,42,40,46,,
183,5,6R,u3,835,50,35,66,48,,
184,5,6R,ephedra,910,50,138,128,60,,
185,5,6R,u3,880,145,48,44,38,,
186,5,6R,u3,610,355,80,80,65,,
187,5,6R,u3,655,360,46,48,47,,
188,5,6R,u3,595,190,45,45,40,,
189,5,6L,dense.u3,205,0,80,77,42,looks like u3 but more dense,
190,5,6L,ephedra,400,110,137,115,75,,
191,5,6L,u3,275,260,49,40,38,,
192,5,6L,u3,40,345,36,18,20,,
L123,5,6L,lar.tri,160,485,287,194,185,,
193,5,6L,yuc.sch,160,655,319,312,240,,
194,5,6L,ephedra,240,725,67,36,30,,
195,5,6L,u3,150,800,50,49,40,,
196,5,6L,u3,25,820,53,31,43,,
197,5,6L,u3,140,860,57,35,40,,
198,5,6L,u3,30,965,66,27,44,,
199,5,6L,ephedra,285,960,134,118,76,,
200,5,6L,tha.mon,315,940,61,36,59,,
201,5,6L,u3,355,840,72,69,46,,
L122,5,6L,lar.tri,605,880,438,520,258,,
202,5,6L,amb.sal,885,970,29,34,47,,
203,5,6L,u3,955,745,60,49,47,,
204,5,6L,amb.sal,965,690,72,47,53,,
205,5,6L,u3,895,560,38,36,27,,
206,5,6L,yuc.sch,790,420,290,264,297,,
207,5,6L,amb.sal,865,325,89,91,66,,
208,5,6L,u3,895,240,47,33,29,,
209,5,6L,u3,835,195,47,33,38,,
210,5,6L,u3,550,470,76,45,38,,
211,5,6L,u3,625,470,50,30,47,,
212,5,6L,u3,660,530,49,64,54,,
213,5,6L,u3,590,395,54,32,40,,
214,5,6L,u3,595,305,14,13,31,,
215,5,6L,men.spi,540,320,71,57,49,,
216,5,6L,tha.mon,680,15,46,47,35,,
217,5,6L,amb.sal,650,40,75,55,45,,
218,5,6L,cyl.ech,600,200,28,27,35,,
219,5,6L,amb.sal,515,100,62,51,40,,
220,5,5R,tha.mon,195,150,79,106,44,,
221,5,5R,u3,305,5,55,58,46,,
222,5,5R,u3,275,230,55,47,28,,
223,5,5R,ephedra,285,435,117,107,55,,
224,5,5R,amb.dum,480,405,75,81,49,,
225,5,5R,ephedra,585,515,144,105,70,,
226,5,5R,u3,535,600,65,45,56,,
227,5,5R,cyl.ram,535,730,120,92,100,,
228,5,5R,dense.u3,85,500,43,54,35,,
229,5,5R,amb.sal,300,575,85,96,80,,
230,5,5R,lar.tri,110,840,413,290,246,,
231,5,5R,ephedra,330,840,82,66,61,,
232,5,5R,ephedra,340,900,74,45,58,,
233,5,5R,cyl.ram,845,350,47,37,47,,
234,5,5R,ephedra,930,370,136,115,56,,
L128,5,5R,lar.tri,890,60,183,132,122,,
235,5,5R,u3,905,45,98,62,55,under larrea,
236,5,5L,tha.mon,550,20,79,65,46,,
237,5,5L,u3,520,50,31,32,33,,
238,5,5L,ephedra,465,150,77,62,53,,
239,5,5L,cyl.ech,415,245,30,19,30,,
240,5,5L,u3,385,45,48,47,46,,
241,5,5L,u3,310,30,31,26,35,,
242,5,5L,u3,345,305,38,40,42,,
243,5,5L,?,335,210,56,31,31,,
244,5,5L,u3,270,150,45,52,45,,
245,5,5L,ephedra,135,35,77,59,62,,
246,5,5L,u3,135,60,57,51,41,,
247,5,5L,u3,20,160,55,36,53,,
248,5,5L,ephedra,190,220,106,82,60,,
L122,5,5L,lar.tri,130,410,438,520,258,,
249,5,5L,u3,35,560,49,60,45,,
250,5,5L,u3,135,515,53,40,50,,
251,5,5L,ephedra,255,640,50,73,48,,
252,5,5L,u3,340,520,60,50,29,,
253,5,5L,u3,410,550,60,62,43,,
254,5,5L,men.spi,165,485,62,35,30,,
255,5,5L,ephedra,110,950,124,88,57,,
256,5,5L,u3,195,915,47,51,56,,
257,5,5L,amb.sal,235,980,51,30,59,,
258,5,5L,u3,250,980,51,30,59,,
259,5,5L,u3,325,920,28,24,30,,
260,5,5L,PG,485,850,109,71,75,,
261,5,5L,yuc.sch,630,750,258,212,240,,
262,5,5L,u3,725,970,45,40,40,,
263,5,5L,men.spi,765,790,86,90,46,,
264,5,5L,u3,850,800,66,68,50,,
265,5,5L,ephedra,955,915,104,60,50,,
266,5,5L,dense.u3,970,870,36,30,28,,
267,5,5L,ephedra,690,650,112,70,60,,
268,5,5L,?,930,495,8,8,6,,
269,5,5L,ephedra,720,475,107,92,60,,
270,5,5L,ephedra,790,410,112,60,56,,
271,5,5L,amb.sal,710,385,47,38,44,,
272,5,5L,cyl.ram,960,375,103,89,85,,
273,5,5L,tha.mon,965,175,80,70,40,,
274,5,5L,u3,960,120,36,35,42,,
275,5,5L,amb.sal,900,75,136,77,58,,
276,5,5L,u3,820,175,36,25,39,,
277,5,5L,u3,855,30,26,35,23,,
278,5,5L,tha.mon,725,210,36,31,24,,
279,5,5L,u3,725,100,85,57,44,,
280,5,5L,ephedra,670,345,109,100,58,,
281,5,4R,lar.tri,370,250,330,266,176,,
282,5,4R,u3,190,235,8,35,47,rooted in same place,
283,5,4R,cyl.ram,190,235,47,41,75,rooted in same place,
284,5,4R,ephedra,35,240,96,89,45,,
285,5,4R,u3,160,390,48,38,36,,
286,5,4R,?,135,650,30,40,33,,
287,5,4R,cyl.ram,50,30,127,104,87,,
288,5,4R,ephedra,210,925,85,80,57,,
289,5,4R,men.spi,360,905,140,84,40,,
290,5,4R,u3,910,500,48,42,40,,
291,5,4R,?,550,870,35,32,30,,
292,5,4R,?,570,815,30,40,32,,
293,5,4R,u3,675,845,,,,missing xyz measurements,
L130,5,4R,lar.tri,670,730,273,215,211,,
294,5,4R,men.spi,850,865,40,36,18,,
295,5,4R,u3?,860,770,64,55,35,,
296,5,4R,u3,830,595,45,34,52,,
297,5,4R,cyl.ram,840,595,46,46,65,,
298,5,4R,u3,890,565,37,26,28,,
L129,5,4R,lar.tri,795,105,492,506,235,,
299,5,4R,u3,530,100,62,50,40,,
300,5,4R,u3,550,225,79,62,42,,
301,5,4L,ephedra,165,265,122,98,50,,
302,5,4L,amb.sal,340,90,124,115,49,,
303,5,4L,u3,415,165,84,47,37,,
304,5,4L,u3,315,300,64,57,46,,
305,5,4L,u3,315,395,56,42,44,,
306,5,4L,u3,315,445,52,39,43,,
L120,5,4L,lar.tri,150,730,330,296,185,,
307,5,4L,men.spi,175,910,37,19,17,,
308,5,4L,cyl.ech,135,890,23,24,38,,
309,5,4L,u3,135,750,47,51,43,,
310,5,4L,u3,130,695,42,72,55,,
311,5,4L,cyl.ech,470,900,24,20,42,,
312,5,4L,u3,485,910,71,60,49,,
313,5,4L,u3,535,915,42,50,32,,
314,5,4L,u3,565,985,30,28,54,,
315,5,4L,amb.sal,590,970,69,45,74,,
316,5,4L,cyl.ech,560,735,61,54,48,,
317,5,4L,lar.tri,550,965,11,9,10,,
318,5,4L,tha.mon,835,835,85,60,69,,
319,5,4L,amb.sal,835,835,85,60,69,,
320,5,4L,?,935,720,49,39,32,,
321,5,4L,ephedra,1000,595,89,50,46,,
322,5,4L,ephedra,1000,490,131,90,53,,
323,5,4L,u3,710,530,67,46,40,,
324,5,4L,cyl.ram,720,545,31,35,43,,
325,5,4L,tha.mon,825,540,69,43,38,,
326,5,4L,u3,880,410,64,59,36,,
327,5,4L,u3,820,320,30,26,31,,
328,5,4L,u3,760,345,66,50,47,,
329,5,4L,amb.dum,835,250,44,29,37,,
330,5,4L,men.spi,775,115,17,10,15,,
331,5,4L,u3,685,135,33,31,37,,
332,5,4L,u3,665,140,37,20,28,,
333,5,4L,cyl.ech,650,165,31,23,41,,
334,5,4L,ephedra,560,195,155,156,68,,
335,5,4L,u3,555,150,41,26,43,,
336,5,4L,ephedra,555,305,105,79,45,,
337,5,4L,ephedra,630,335,81,77,50,,
338,5,4L,u3,600,525,47,37,36,,
339,5,4L,yuc.sch,505,545,76,71,66,,
340,5,4L,u3,415,345,56,34,35,,
341,5,4L,u3,485,365,78,64,55,,
342,5,3R,amb.sal,180,60,111,109,73,,
343,5,3R,u3,140,125,61,41,38,,
344,5,3R,amb.sal,50,200,80,60,69,,
345,5,3R,ephedra,0,210,52,36,41,,
346,5,3R,sal.mex,40,280,69,42,70,,
347,5,3R,PG,235,300,145,102,106,,
348,5,3R,u3,205,390,49,48,31,,
349,5,3R,u3,375,240,74,42,44,,
350,5,3R,cyl.ech,440,240,38,39,35,,
351,5,3R,u3,400,340,34,30,35,,
352,5,3R,u3,410,405,70,54,61,,
353,5,3R,cyl.ech,415,415,26,28,32,,
354,5,3R,ephedra,465,440,120,144,49,,
355,5,3R,u3,520,440,23,20,35,,
356,5,3R,lar.tri,190,725,153,176,229,,
357,5,3R,u3,20,815,51,30,40,,
358,5,3R,cyl.ech,10,835,10,10,15,,
359,5,3R,men.spi,145,920,64,63,42,,
360,5,3R,u3,215,840,97,95,43,,
361,5,3R,cyl.ech,280,915,32,21,27,,
362,5,3R,u3,380,875,85,51,45,,
363,5,3R,u3,315,635,83,51,55,,
364,5,3R,ephedra,500,805,67,43,42,,
365,5,3R,u3,695,860,49,40,44,,
366,5,3R,men.spi,830,880,16,13,10,,
367,5,3R,?,975,935,40,30,33,,
368,5,3R,u3,855,755,56,49,48,,
369,5,3R,cyl.ech,955,500,46,32,34,,
370,5,3R,u3,690,510,34,22,24,,
L132,5,3R,lar.tri,660,390,134,76,74,,
371,5,3R,ephedra,740,360,87,55,60,,
372,5,3R,u3,755,325,87,50,53,,
373,5,3R,u3,810,165,75,57,49,,
374,5,3R,u3,955,165,75,57,49,,
375,5,3R,u3,905,125,15,15,20,,
L131,5,3R,lar.tri,870,50,455,315,252,,
376,5,3R,ephedra,750,50,43,36,52,,
377,5,3R,ephedra,710,105,117,74,75,,
378,5,3R,cyl.ech,760,200,32,26,37,,
379,5,3R,u3,520,15,35,26,35,,
380,5,3R,tha.mon,490,10,78,51,40,,
381,5,3R,u3,455,50,22,9,24,,
382,5,3L,u3,120,40,88,65,50,,
383,5,3L,ephedra,315,35,57,51,50,,
384,5,3L,tha.mon,550,35,44,46,35,,
385,5,3L,u3,260,330,42,47,43,,
386,5,3L,men.spi,110,420,67,56,29,,
387,5,3L,men.spi,15,535,40,33,20,,
388,5,3L,u3,320,465,79,67,55,,
389,5,3L,amb.sal,105,645,70,56,58,,
390,5,3L,cyl.ech,105,675,70,56,58,,
391,5,3L,u3,60,860,94,61,48,,
L119,5,3L,lar.tri,380,710,486,457,223,,
392,5,3L,lar.tri,760,820,350,286,150,"ring, 5 stems",
393,5,3L,u3,1000,860,75,72,54,,
394,5,3L,u3,1000,765,36,38,38,,
395,5,3L,yuc.sch,830,530,150,136,185,,
396,5,3L,u3,820,350,57,42,54,,
397,5,3L,cyl.ram,750,170,80,61,60,,
398,5,3L,ephedra,935,210,17,17,38,,
399,5,3L,yuc.sch,950,140,185,175,235,,
400,5,3L,?,915,105,84,51,65,"green flower, red stem",grabbed sample
401,5,3L,u3,790,55,73,43,36,,
402,5,3L,u3,645,20,81,56,44,,
403,5,3L,ephedra,435,305,155,153,60,ring,
404,5,2R,u3,110,10,70,35,36,,
405,5,2R,tha.mon,45,120,51,62,40,,
406,5,2R,yuc.sch,35,320,102,113,128,half dead,
407,5,2R,lar.tri,270,305,17,13,12,,
408,5,2R,ephedra,305,380,108,76,77,,
409,5,2R,ephedra,410,405,90,59,46,,
410,5,2R,?,215,550,78,87,59,,
411,5,2R,amb.sal,125,515,83,65,62,,
412,5,2R,u3,90,525,27,38,41,,
413,5,2R,u3,100,570,34,47,39,,
414,5,2R,u3,55,495,80,54,35,,
415,5,2R,u3,65,890,72,85,59,,
416,5,2R,lar.tri,435,900,430,455,215,,
417,5,2R,u3,625,1010,89,64,48,,
L135,5,2R,lar.tri,680,770,117,105,113,,
418,5,2R,lar.tri,730,900,193,170,171,might be tagged as one,
419,5,2R,ephedra,960,905,39,37,19,,
420,5,2R,u3,825,830,51,47,45,,
421,5,2R,tha.mon,960,695,68,63,35,,
422,5,2R,u3,740,640,42,31,33,,
423,5,2R,u3,695,590,71,73,47,,
424,5,2R,u3,850,580,49,68,46,,
425,5,2R,ephedra,850,525,97,80,56,,
426,5,2R,u3,965,220,70,60,47,,
427,5,2R,u3,825,160,75,87,54,,
L133,5,2R,lar.tri,950,40,176,182,137,,
L134,5,2R,lar.tri,590,110,366,372,187,,
L118,5,2L,lar.tri,195,65,107,88,88,,
428,5,2L,ephedra,345,325,70,40,48,,
429,5,2L,tha.mon,325,360,89,36,43,,
430,5,2L,ephedra,110,490,165,127,89,,
431,5,2L,ephedra,350,720,104,72,48,,
L115,5,2L,lar.tri,170,960,417,124,235,,
L116,5,2L,lar.tri,760,910,305,290,290,,
432,5,2L,u3,950,1060,50,37,38,,
433,5,2L,u2,900,945,56,40,34,,
434,5,2L,u3,955,130,36,30,35,,
L117,5,2L,lar.tri,600,270,596,498,280,,
435,5,2L,lar.tri,275,70,323,275,206,,
436,5,1R,ephedra,280,75,80,60,80,,
437,5,1R,ephedra,140,120,54,50,59,,
438,5,1R,u3,150,215,52,36,39,,
439,5,1R,tha.mon,190,180,18,15,14,,
440,5,1R,u3,230,305,31,19,30,,
441,5,1R,u3,160,315,64,52,54,,
442,5,1R,amb.sal,125,355,67,88,59,,
443,5,1R,u3,50,420,58,33,29,,
444,5,1R,u3,205,410,45,29,29,,
445,5,1R,u3,175,495,90,50,63,,
446,5,1R,amb.sal,230,550,73,68,60,,
447,5,1R,u3,245,580,38,32,26,,
448,5,1R,lar.tri,75,40,287,305,192,6 stems,
449,5,1R,cyl.ram,140,890,61,28,58,,
450,5,1R,tha.mon,135,1000,88,72,42,,
451,5,1R,amb.sal,310,920,58,47,80,,
452,5,1R,u3,330,895,47,36,46,,
453,5,1R,amb.sal,355,865,65,50,68,,
454,5,1R,amb.sal,370,895,52,28,49,,
455,5,1R,amb.sal,410,865,44,39,43,,
456,5,1R,amb.dum,475,800,46,55,30,,
457,5,1R,tha.mon,530,970,89,70,50,,
458,5,1R,cyl.ech,575,860,64,47,50,,
459,5,1R,u3,575,875,74,33,33,,
460,5,1R,u3,555,705,46,43,36,,
461,5,1R,men.spi,600,635,45,36,23,,
462,5,1R,cyl.ech,660,725,72,28,53,,
463,5,1R,u3,680,740,94,52,53,,
464,5,1R,amb.dum,660,795,44,43,39,,
465,5,1R,ephedra,665,775,69,40,50,,
466,5,1R,amb.sal,780,810,26,21,27,,
467,5,1R,ephedra,920,825,154,112,61,,
468,5,1R,amb.sal,665,660,53,68,73,,
469,5,1R,amb.sal,775,620,62,45,70,,
470,5,1R,amb.sal,800,650,30,37,50,,
471,5,1R,amb.sal,840,620,100,96,79,,
472,5,1R,u3,985,630,33,32,40,,
473,5,1R,cyl.ram,1000,595,103,110,112,,
474,5,1R,tha.mon,765,495,36,34,22,,
475,5,1R,amb.sal,885,465,80,60,50,,
476,5,1R,cyl.ech,985,315,30,29,31,,
477,5,1R,u3,980,310,52,34,24,,
478,5,1R,amb.sal,990,140,85,86,70,,
479,5,1R,amb.sal,935,25,57,26,50,,
480,5,1R,u3,885,35,50,47,33,,
481,5,1R,amb.sal,705,195,77,66,42,,
482,5,1R,u3,550,205,65,40,42,,
483,5,1R,u3,415,145,42,42,46,,
484,5,1L,men.spi,55,0,86,75,45,,
485,5,1L,u3,65,70,51,46,45,,
486,5,1L,u3,70,185,56,43,36,,
487,5,1L,tha.mon,75,215,66,50,28,,
488,5,1L,u3,250,200,71,77,49,,
490,5,1L,u3,85,345,99,62,56,,
491,5,1L,u3,240,330,42,38,32,,
492,5,1L,u3,165,460,50,45,28,,
493,5,1L,amb.sal,255,515,76,64,60,,
494,5,1L,ephedra,155,720,40,35,50,,
495,5,1L,ephedra,155,780,55,44,54,,
496,5,1L,lar.tri,165,900,325,273,173,,
497,5,1L,amb.sal,435,975,56,60,38,,
498,5,1L,amb.sal,430,765,65,63,60,,
499,5,1L,u3,470,695,46,36,37,,
500,5,1L,sal.mex,470,835,80,80,53,,
501,5,1L,eri.fas,500,895,27,14,45,,
502,5,1L,sal.mex,495,895,42,30,47,,
503,5,1L,u3,660,945,74,58,44,,
504,5,1L,amb.sal,885,880,129,113,79,,
505,5,1L,lar.tri,945,740,140,142,100,,
506,5,1L,u3,985,690,56,40,32,,
507,5,1L,u3,945,750,44,20,45,,
508,5,1L,amb.sal,670,665,87,70,68,,
509,5,1L,ephedra,560,640,112,78,56,,
510,5,1L,yuc.sch,510,520,166,155,155,,
511,5,1L,amb.sal,450,520,85,62,60,,
512,5,1L,ephedra,890,530,165,159,60,,
513,5,1L,men.spi,855,505,50,41,42,,
514,5,1L,tha.mon,750,475,60,46,30,,
515,5,1L,tha.mon,770,480,35,27,26,,
516,5,1L,?,830,445,74,64,45,,
517,5,1L,u3,930,420,56,37,41,,
518,5,1L,ephedra,815,305,20,28,36,,
519,5,1L,lar.tri,900,135,304,348,206,,
520,5,1L,u3,680,50,50,45,33,,
521,5,1L,cyl.ram,600,135,68,86,80,,
522,5,1L,ephedra,580,125,85,46,35,,
523,5,1L,ephedra,640,290,54,45,44,,
524,5,1L,yuc.sch,650,325,38,28,32,,
525,5,1L,ephedra,560,315,76,86,45,,
526,5,1L,u3,440,50,70,80,58,,
527,5,1L,amb.sal,380,35,79,59,70,,
528,5,1L,amb.sal,135,25,30,35,38,,
529,5,1L,u3,435,235,112,80,57,,
530,5,1L,u3,495,440,52,53,35,,
531,5,1L,u3,330,390,93,70,52,,
532,5,1L,u3,240,200,67,74,45,,
1,4,8R,sal.mex,225,165,102,98,68,,
2,4,8R,BB?,330,295,63,43,66,,
3,4,8R,eri.coo,390,190,20,34,18,,
4,4,8R,ephedra,390,375,40,41,28,,
5,4,8R,eri.coo,335,385,53,40,32,,
6,4,8R,u3,55,470,68,62,30,,
7,4,8R,ephedra,135,550,108,94,80,,
8,4,8R,amb.sal,35,590,100,80,87,,
9,4,8R,u3,90,740,37,24,33,,
10,4,8R,u3,30,750,74,88,55,,
11,4,8R,amb.sal,60,860,84,105,76,,
12,4,8R,u3,325,910,59,42,39,,
13,4,8R,ephedra,335,825,110,95,50,,
14,4,8R,tha.mon,355,680,73,65,45,,
15,4,8R,tha.mon,435,560,98,33,26,,
16,4,8R,cyl.ram,595,975,59,44,83,,
17,4,8R,u3,775,950,67,44,45,,
18,4,8R,cyl.ech,780,940,29,26,28,,
19,4,8R,u3,880,930,32,27,30,,
20,4,8R,?,905,945,42,20,22,,
21,4,8R,tha.mon,945,935,40,49,33,,
22,4,8R,u3,1000,790,33,28,26,,
23,4,8R,u3,755,760,76,46,41,,
24,4,8R,eri.coo,800,755,28,26,30,,
25,4,8R,cyl.ram,830,745,41,36,50,,
26,4,8R,eri.coo,835,710,55,35,40,,
27,4,8R,ephedra,860,735,65,58,42,,
28,4,8R,u3,930,605,82,85,32,,
29,4,8R,u3,785,585,92,70,41,,
30,4,8R,?,690,540,26,27,17,too small to id,
31,4,8R,?,690,530,22,16,18,too small to id,
32,4,8R,u3,670,490,31,23,30,,
33,4,8R,u3,700,460,66,40,52,,
34,4,8R,u3,970,390,72,40,48,,
35,4,8R,lar.tri,850,210,287,318,175,4 stems,
36,4,8R,ephedra,605,235,93,64,48,,
37,4,8R,ephedra,520,335,103,69,46,,
38,4,8R,ephedra,465,315,70,70,45,,
39,4,8R,eri.coo,445,485,68,52,38,,
40,4,8R,?,25,45,38,44,33,,
41,4,8L,u3,70,70,39,50,45,,
42,4,8L,amb.sal,85,95,66,45,69,,
43,4,8L,u3,125,80,45,36,40,,
44,4,8L,ephedra,195,186,82,92,56,,
45,4,8L,ephedra,130,215,125,99,50,,
46,4,8L,tha.mon,295,355,87,62,35,,
47,4,8L,u3,185,280,96,66,41,,
48,4,8L,u3,45,240,75,72,43,,
49,4,8L,u3,25,510,65,43,53,,
50,4,8L,amb.sal,20,570,57,31,55,,
51,4,8L,amb.sal,285,670,60,54,40,,
52,4,8L,amb.sal,300,755,67,75,50,,
53,4,8L,amb.sal,345,785,43,33,40,,
54,4,8L,u3,195,760,67,72,60,,
55,4,8L,ephedra,90,795,120,95,78,,
56,4,8L,u3,160,1000,102,72,45,,
57,4,8L,ephedra,330,895,92,87,62,,
58,4,8L,amb.sal,450,975,53,32,61,,
59,4,8L,amb.sal,495,895,47,46,49,,
60,4,8L,amb.sal,455,670,48,50,45,,
61,4,8L,u3,495,775,60,50,45,,
62,4,8L,tha.mon,540,720,85,54,40,,
63,4,8L,amb.sal,495,880,51,39,52,,
64,4,8L,amb.sal,475,870,23,14,22,,
65,4,8L,men.spi,600,895,52,52,30,,
66,4,8L,tha.mon,640,800,90,64,30,,
67,4,8L,amb.sal,800,810,45,62,71,,
68,4,8L,ephedra,875,735,132,98,60,,
69,4,8L,u3,870,740,80,70,40,,
70,4,8L,amb.sal,825,680,57,39,43,,
71,4,8L,u3?,800,720,5,6,6,,
72,4,8L,cyl.ech,775,590,42,33,36,,
73,4,8L,ephedra,970,520,55,53,48,,
74,4,8L,amb.sal,830,490,61,86,63,,
75,4,8L,amb.sal,745,435,61,64,56,,
76,4,8L,u3,875,465,80,52,49,,
77,4,8L,amb.sal,960,420,61,48,52,,
78,4,8L,tha.mon,900,380,77,73,35,,
79,4,8L,lar.tri,950,280,245,255,230,,
80,4,8L,amb.sal,845,180,60,56,54,,
81,4,8L,amb.sal,765,140,46,40,33,,
82,4,8L,amb.sal,775,115,125,63,74,,
83,4,8L,amb.sal,865,50,70,74,40,,
84,4,8L,amb.sal,780,370,20,17,20,,
85,4,8L,amb.sal,810,10,88,78,48,,
86,4,8L,amb.sal,600,135,70,63,55,,
87,4,8L,u3,590,75,83,66,40,,
88,4,8L,ephedra,570,10,39,35,45,,
89,4,8L,ephedra,550,35,42,38,48,,
90,4,8L,u3,320,220,63,50,65,,
91,4,8L,amb.sal,510,530,132,107,65,,
92,4,8L,ephedra,620,490,103,95,40,,
93,4,8L,amb.sal,510,530,132,107,65,,
94,4,8L,amb.sal,440,395,103,94,68,,
95,4,8L,u3,400,455,48,27,52,,
96,4,8L,amb.sal,365,495,34,37,23,,
98,4,7R,ephedra,380,80,87,66,51,,
99,4,7R,u3,370,190,72,54,62,,
100,4,7R,ephedra,430,280,97,62,39,,
101,4,7R,amb.sal,375,350,124,90,75,,
102,4,7R,u3,125,275,41,28,28,,
103,4,7R,u3,40,365,54,52,44,,
104,4,7R,u3,165,395,37,20,36,,
105,4,7R,u3,120,535,36,27,24,,
106,4,7R,u3,95,595,79,46,50,,
107,4,7R,u3,130,475,23,16,21,,
108,4,7R,u3,155,575,50,36,51,,
109,4,7R,amb.sal,15,575,26,27,23,,
110,4,7R,u3,325,950,57,76,44,,
111,4,7R,u3,355,905,50,46,32,,
112,4,7R,u3,385,545,121,97,60,,
113,4,7R,u3,540,750,76,66,58,,
114,4,7R,amb.sal,525,760,50,51,55,,
115,4,7R,amb.sal,555,750,76,66,58,,
116,4,7R,u3,650,890,86,64,49,,
117,4,7R,amb.sal,665,825,58,80,66,,
118,4,7R,u3,725,935,51,46,45,,
119,4,7R,u3,930,860,75,75,55,,
120,4,7R,u3,770,735,51,49,48,,
121,4,7R,amb.sal,790,715,91,67,75,,
122,4,7R,ephedra,980,770,107,75,46,,
123,4,7R,u3,850,645,83,64,51,,
124,4,7R,u3,895,590,26,22,16,,
125,4,7R,ephedra,890,615,92,104,50,,
126,4,7R,cyl.ech,615,630,41,36,62,,
127,4,7R,ephedra,680,340,97,85,65,,
128,4,7R,u3,765,370,59,50,41,,
129,4,7R,u3,750,325,41,68,40,,
130,4,7R,u3,960,240,47,45,47,,
131,4,7R,?,875,30,60,26,21,not enough leaves to ID,
132,4,7R,u3,685,60,30,36,47,,
133,4,7R,amb.sal,695,75,64,44,87,,
134,4,7R,u3,695,180,74,50,60,,
135,4,7R,u3,625,10,56,45,47,,
136,4,7R,u3,625,55,44,43,33,,
137,4,7R,u3,555,145,37,24,35,,
138,4,7R,u3,510,105,88,74,55,,
139,4,7R,u3,510,20,33,30,40,,
140,4,7R,u3,480,155,21,12,21,,
141,4,7R,ephedra,495,300,82,80,54,,
142,4,7L,yuc.sch,475,140,86,75,77,,
143,4,7L,tha.mon,485,165,110,90,54,,
144,4,7L,tha.mon,420,50,44,33,33,,
145,4,7L,ephedra,340,10,145,138,59,,
146,4,7L,ephedra,250,195,116,93,47,,
147,4,7L,amb.sal,195,315,99,78,65,,
148,4,7L,u3,190,65,55,60,54,,
149,4,7L,amb.sal,145,415,35,28,30,,
150,4,7L,u3,110,290,67,60,40,,
L109,4,7L,lar.tri,150,715,245,185,166,,
151,4,7L,amb.sal,10,965,60,42,46,,
152,4,7L,u3,255,980,99,100,56,,
153,4,7L,u3,310,705,81,36,33,,
154,4,7L,ephedra,505,675,115,87,47,ring of 3,
155,4,7L,sal.mex,600,735,31,31,23,,
156,4,7L,ephedra,775,90,28,30,38,,
157,4,7L,sal.mex,645,615,30,18,26,,
158,4,7L,sal.mex,675,545,60,47,52,,
159,4,7L,sal.mex,675,500,26,15,30,,
160,4,7L,men.spi,630,430,100,95,45,,
161,4,7L,ephedra,400,385,100,139,79,,
162,4,7L,amb.sal,465,255,83,66,56,,
163,4,7L,ephedra,730,370,160,163,82,,
164,4,7L,cyl.ech,1000,275,45,31,24,,
165,4,7L,u3,950,25,62,52,46,,
166,4,7L,amb.sal,860,70,155,130,103,,
167,4,7L,u3,770,5,55,49,23,,
168,4,7L,ephedra,750,105,84,72,36,,
169,4,6R,u3,555,105,41,37,43,,
170,4,6R,sal.mex,555,105,15,6,22,,
171,4,6R,sal.mex,520,125,7,8,18,,
172,4,6R,sal.mex,500,125,10,5,22,,
173,4,6R,sal.mex,480,120,15,10,27,,
174,4,6R,u3,470,80,50,59,38,,
175,4,6R,u3,450,115,31,17,33,,
176,4,6R,sal.mex,450,100,20,12,41,,
177,4,6R,sal.mex,445,85,20,15,36,,
178,4,6R,sal.mex,425,120,9,5,18,,
179,4,6R,sal.mex,435,100,13,11,32,,
180,4,6R,sal.mex,395,125,12,10,16,,
181,4,6R,u3,380,175,53,50,36,,
182,4,6R,sal.mex,305,60,32,22,50,,
183,4,6R,u3,285,85,45,32,46,,
184,4,6R,tha.mon,310,215,58,46,28,,
185,4,6R,sal.mex,290,240,14,6,45,,
186,4,6R,u3,265,210,62,64,63,,
187,4,6R,u3,230,145,84,64,32,,
188,4,6R,u3,195,0,43,31,37,,
189,4,6R,ephedra,120,320,113,70,60,,
190,4,6R,ephedra,180,425,86,66,51,,
191,4,6R,u3,275,450,70,71,28,,
192,4,6R,lar.tri,120,510,457,460,225,,
193,4,6R,u3,185,950,68,51,40,,
194,4,6R,tha.mon,345,775,50,60,36,,
195,4,6R,u3,375,385,40,36,40,,
196,4,6R,u3,400,730,40,46,28,,
197,4,6R,ephedra,495,905,27,27,36,,
198,4,6R,ephedra,520,875,75,74,53,,
199,4,6R,?,790,845,143,112,115,same,"spiny green, ovated pointed leaves, greenish white bell shaped flowers"
200,4,6R,?,870,865,116,96,108,same,
201,4,6R,tha.mon,970,695,31,28,24,,
202,4,6R,u3,980,665,65,48,55,,
203,4,6R,u3,950,590,36,31,29,,
204,4,6R,ephedra,630,510,150,107,60,,
205,4,6R,u3,945,450,66,61,40,,
206,4,6R,u3,820,410,44,31,36,,
207,4,6R,?,820,350,54,42,47,,
208,4,6R,sal.mex,860,360,60,35,35,,
209,4,6R,u3,930,345,47,30,38,,
210,4,6R,?,850,185,90,65,42,photo # 111018,
211,4,6R,sal.mex,615,300,100,89,63,,
212,4,6R,u3,600,255,48,27,26,,
213,4,6L,u3,320,65,63,45,45,,
214,4,6L,u3,225,105,69,45,45,,
215,4,6L,sal.mex,130,210,17,16,26,,
216,4,6L,sal.mex,105,120,70,66,48,clump,
217,4,6L,sal.mex,35,105,35,20,40,,
218,4,6L,sal.mex,5,190,17,15,23,,
219,4,6L,sal.mex,5,225,40,24,47,,
L107,4,6L,lar.tri,345,280,167,200,129,,
L105,4,6L,lar.tri,350,510,406,285,174,,
220,4,6L,u3,25,600,59,68,40,,
221,4,6L,ephedra,140,590,130,106,70,,
222,4,6L,amb.sal,25,750,95,89,80,,
223,4,6L,u3,100,910,65,39,30,,
224,4,6L,u3,380,595,38,36,29,,
225,4,6L,men.spi?,455,640,46,19,20,,
226,4,6L,men.spi,665,855,44,49,25,,
227,4,6L,tha.mon,725,760,90,70,49,,
228,4,6L,u3,740,640,75,71,48,,
229,4,6L,u3,740,520,80,60,61,,
L106,4,6L,lar.tri,590,520,238,127,157,,
230,4,6L,cyl.ech,840,360,50,39,56,inside lar,
L108,4,6L,lar.tri,790,270,568,456,262,,
231,4,6L,u3,880,10,75,54,41,,
232,4,5R,?,405,90,53,50,38,,
233,4,5R,lar.tri,410,350,420,433,205,ring of 8,
234,4,5R,lar.tri,285,550,102,94,135,,
235,4,5R,lar.tri,240,810,454,529,214,ring of 5,
236,4,5R,u3,480,790,60,53,46,,
237,4,5R,u3,590,990,60,50,41,,
238,4,5R,u3,680,930,83,48,43,,
239,4,5R,cyl.ech,690,920,22,10,20,inside u3,
240,4,5R,u3,890,880,70,45,46,,
241,4,5R,ephedra,905,765,125,95,85,,
242,4,5R,cyl.ram,760,535,128,90,52,,
L111,4,5R,lar.tri,895,485,106,80,38,,
243,4,5R,u3,970,445,40,40,55,,
244,4,5R,u3,700,10,62,36,45,,
L110,4,5R,lar.tri,785,430,398,403,223,,
245,4,5R,cyl.ram,115,315,10,10,12,,
246,4,5L,amb.sal,155,65,62,54,53,,
247,4,5L,amb.sal,95,200,73,62,71,,
248,4,5L,amb.sal,320,225,85,72,64,,
249,4,5L,u3,290,310,57,59,54,,
250,4,5L,u3,350,335,57,47,35,,
251,4,5L,sal.mex,465,210,55,61,59,,
252,4,5L,amb.sal,160,295,61,50,41,,
253,4,5L,amb.sal,225,370,73,60,49,,
254,4,5L,u3,230,435,59,52,43,,
255,4,5L,amb.sal,175,795,52,32,61,,
256,4,5L,u3,300,840,45,35,46,,
257,4,5L,amb.sal,320,815,75,61,53,,
258,4,5L,u3,125,895,55,54,43,,
259,4,5L,ephedra,415,890,135,124,70,,
260,4,5L,amb.sal,595,805,85,76,63,,
261,4,5L,ephedra,610,735,56,48,42,,
262,4,5L,cyl.ech,635,695,26,24,26,,
263,4,5L,amb.sal,645,900,63,54,50,,
264,4,5L,amb.sal,735,960,55,50,33,,
265,4,5L,amb.sal,840,860,20,15,18,,
266,4,5L,amb.sal,865,830,28,30,45,,
267,4,5L,amb.sal,875,840,28,17,41,,
268,4,5L,u3,860,435,55,38,32,,
269,4,5L,u3,975,475,52,36,25,,
270,4,5L,u3,905,420,56,64,44,,
271,4,5L,amb.sal,855,370,46,35,38,,
L104,4,5L,lar.tri,665,475,457,287,234,,
272,4,5L,ephedra,680,475,103,46,53,,
273,4,5L,ephedra,710,510,57,24,48,,
274,4,5L,ephedra,730,510,102,79,57,,
275,4,5L,u3,985,30,59,35,32,,
276,4,5L,u3,700,65,54,53,40,,
277,4,4R,lar.tri,220,100,380,315,240,,
278,4,4R,?,35,310,74,60,40,,
279,4,4R,u3,275,310,34,36,34,,
280,4,4R,ephedra,180,450,82,62,33,,
281,4,4R,u3,270,630,83,58,51,,
282,4,4R,ephedra,195,690,87,38,53,,
283,4,4R,ephedra,125,690,94,73,55,,
284,4,4R,u3,60,770,90,52,39,,
285,4,4R,u3,160,770,92,59,33,,
286,4,4R,u3,345,865,66,60,44,,
287,4,4R,u3,385,735,59,34,32,,
288,4,4R,u3,400,790,46,40,34,,
289,4,4R,cyl.ech,510,860,50,42,29,,
290,4,4R,u3,460,645,64,53,43,,
291,4,4R,u3,445,560,64,62,51,,
292,4,4R,amb.sal,635,860,107,96,76,,
293,4,4R,amb.sal,635,700,37,20,35,,
294,4,4R,tha.mon,665,735,85,69,40,,
295,4,4R,amb.sal,705,870,30,34,36,,
296,4,4R,?,640,700,15,10,40,"red stem, thorny, round leaves",
297,4,4R,u3,855,705,54,35,37,,
298,4,4R,amb.sal,910,720,81,60,69,,
299,4,4R,u3,935,790,64,64,37,,
300,4,4R,amb.sal,955,690,74,50,54,,
301,4,4R,amb.sal,795,600,107,74,58,,
302,4,4R,cyl.ech,780,590,77,64,88,,
303,4,4R,?,795,555,105,87,72,"ovate leaves, white bell flowers",
304,4,4R,u3,845,500,49,35,37,,
305,4,4R,?,770,470,74,75,90,"ovate leaves, white bell flowers",
306,4,4R,amb.sal,960,450,40,30,23,,
307,4,4R,u3,875,595,24,16,29,,
308,4,4R,u3,905,165,38,29,32,,
309,4,4R,ephedra,365,260,75,75,55,,
310,4,4R,u3,765,185,60,46,46,,
311,4,4R,u3,625,90,48,60,45,,
312,4,4R,amb.sal,625,250,123,115,74,,
313,4,4R,u3,560,155,83,47,42,,
314,4,4R,u3,655,420,79,46,50,,
315,4,4R,tha.mon,575,450,47,36,23,,
316,4,4R,u3,525,460,34,30,32,,
317,4,4R,u3,425,255,45,41,36,,
318,4,4R,u3,205,210,60,39,47,,
319,4,4L,u3,115,305,81,66,44,,
320,4,4L,amb.sal,5,290,52,40,50,,
321,4,4L,amb.sal,105,375,90,78,66,,
322,4,4L,amb.sal,140,560,60,48,65,,
323,4,4L,u3,45,690,60,64,55,,
324,4,4L,amb.sal,245,670,83,69,73,,
325,4,4L,u3,45,690,59,45,33,,
326,4,4L,amb.sal,190,730,78,42,54,,
327,4,4L,cyl.ech,85,775,69,39,70,,
328,4,4L,u3,150,565,67,55,62,,
329,4,4L,tha.mon,35,900,43,42,39,,
330,4,4L,u3,65,980,42,35,37,,
332,4,4L,u3,325,865,43,38,35,,
333,4,4L,u3,430,985,52,35,35,,
334,4,4L,u3,435,935,45,25,30,,
335,4,4L,u3,455,785,75,50,49,,
336,4,4L,u3,535,985,20,19,31,,
337,4,4L,u3,530,795,22,11,28,,
338,4,4L,u3,685,875,56,51,41,,
339,4,4L,u3,670,760,83,79,56,,
340,4,4L,amb.sal,715,655,80,52,55,,
341,4,4L,u3,775,950,73,50,33,,
342,4,4L,u3,790,760,67,52,43,,
343,4,4L,u3,825,765,42,30,38,,
344,4,4L,u3,855,775,31,27,35,,
345,4,4L,amb.sal,905,975,89,75,46,,
346,4,4L,u3,970,975,26,25,32,,
347,4,4L,u3,940,835,60,34,43,,
348,4,4L,amb.sal,985,785,81,69,60,,
349,4,4L,u3,830,720,59,48,34,,
350,4,4L,cyl.ech,835,590,50,40,55,,
351,4,4L,u3,965,485,39,43,30,,
352,4,4L,u3,955,415,38,31,26,,
353,4,4L,tha.mon,750,240,53,48,39,,
354,4,4L,amb.sal,695,230,92,88,44,,
355,4,4L,amb.sal,650,190,44,50,46,,
356,4,4L,amb.sal,545,145,88,65,82,,
357,4,4L,u3,540,250,58,56,66,,
L103,4,4L,lar.tri,465,180,450,360,264,,
358,4,3R,cyl.aca,30,190,210,173,134,,
359,4,3R,u3,415,35,71,58,37,,
360,4,3R,u3,425,195,66,49,50,,
361,4,3R,u3,485,155,80,62,30,,
362,4,3R,u3,515,30,64,52,40,,
363,4,3R,u3,515,305,60,60,49,,
364,4,3R,u3,375,245,32,31,50,,
366,4,3R,u3,455,470,52,37,37,,
367,4,3R,ephedra,460,375,75,85,60,,
368,4,3R,ephedra,360,405,78,83,52,,
369,4,3R,amb.sal,135,825,57,68,45,,
370,4,3R,ephedra,185,925,56,43,49,,
371,4,3R,ephedra,245,740,90,67,44,,
372,4,3R,ephedra,280,775,62,40,35,,
373,4,3R,u3,315,845,79,44,45,,
374,4,3R,u3,310,675,51,36,37,,
375,4,3R,u3,380,650,42,35,35,,
376,4,3R,u3,410,715,36,24,20,,
377,4,3R,u3,480,845,29,30,35,,
378,4,3R,u3,490,800,63,59,50,,
379,4,3R,tha.mon,520,815,30,27,33,,
380,4,3R,u3,505,885,18,26,10,,
381,4,3R,u3,595,830,55,56,47,,
382,4,3R,tha.mon,695,830,71,50,37,,
383,4,3R,u3,680,940,47,20,25,,
384,4,3R,u3,685,985,39,31,33,,
385,4,3R,cyl.ech,690,985,54,39,60,,
386,4,3R,u3,775,905,23,23,26,,
387,4,3R,ephedra,820,685,114,127,69,,
388,4,3R,u3,910,640,30,48,39,,
389,4,3R,u3,885,425,38,30,31,,
390,4,3R,u3,990,330,40,39,42,,
391,4,3R,u3,920,350,53,58,49,,
392,4,3R,amb.sal,850,320,115,97,79,,
393,4,3R,ephedra,765,365,94,61,56,,
394,4,3R,u3,925,100,62,42,41,,
395,4,3R,u3,925,35,27,22,20,,
396,4,3R,u3,805,10,18,18,17,,
397,4,3R,amb.sal,800,75,80,57,45,,
398,4,3R,u3,725,235,49,30,40,,
399,4,3R,u3,565,160,84,41,45,,
400,4,3R,u3,660,50,65,28,46,,
401,4,3R,amb.sal,605,15,109,70,67,,
402,4,3R,amb.sal,605,60,109,66,70,,
L113,4,3R,lar.tri,545,475,324,285,219,,
403,4,3R,cyl.ech,545,475,43,47,51,,
L102,4,3L,lar.tri,215,10,324,285,219,,
L101,4,3L,lar.tri,120,235,310,150,160,,
404,4,3L,u3,30,230,59,38,39,,
405,4,3L,u3,200,275,80,52,57,,
406,4,3L,u3,280,285,55,46,36,,
407,4,3L,u3,335,135,50,49,43,,
408,4,3L,tha.mon,320,185,80,56,37,,
409,4,3L,u3,355,230,47,37,35,,
410,4,3L,u3,70,520,69,56,53,,
411,4,3L,amb.sal,35,585,83,73,57,,
412,4,3L,amb.sal,75,620,60,73,50,,
413,4,3L,u3,95,765,38,38,40,,
414,4,3L,u3,10,945,72,60,40,,
415,4,3L,ephedra,180,905,123,116,60,,
416,4,3L,u3,385,935,77,60,40,,
417,4,3L,u3,435,875,42,28,39,,
418,4,3L,cyl.ram,455,910,105,61,72,,
419,4,3L,u3,395,790,90,46,47,,
420,4,3L,amb.sal,415,745,125,86,75,,
421,4,3L,u3,505,730,74,50,46,,
422,4,3L,u3,280,375,61,49,52,,
423,4,3L,u3,340,400,66,35,39,,
424,4,3L,u3,450,545,49,57,45,,
425,4,3L,u3,480,500,43,43,33,,
426,4,3L,amb.sal,615,985,60,54,56,,
427,4,3L,u3,605,790,53,36,39,,
428,4,3L,amb.sal,680,755,89,96,64,,
429,4,3L,u3,755,955,37,29,35,,
430,4,3L,sal.mex,805,745,80,57,55,,
431,4,3L,u3,860,970,90,70,50,,
432,4,3L,u3,765,650,65,60,38,,
433,4,3L,u3,945,610,36,29,42,,
434,4,3L,u3,960,505,30,25,26,,
435,4,3L,u3,940,505,33,21,25,,
436,4,3L,u3,835,485,42,35,34,,
437,4,3L,u3,800,475,48,39,36,,
438,4,3L,u3,890,270,25,15,38,,
439,4,3L,u3,965,160,77,37,40,,
440,4,3L,u3,825,135,39,34,25,,
441,4,3L,u3,695,220,72,55,48,,
442,4,3L,u3,580,100,45,25,31,,
443,4,3L,u3,575,160,40,30,35,,
444,4,3L,u3,500,290,42,28,27,,
445,4,3L,amb.sal,695,10,46,22,47,,
446,4,2R,amb.sal,390,205,29,24,20,,
447,4,2R,u3,360,320,103,66,59,,
448,4,2R,amb.sal,270,290,116,104,69,,
449,4,2R,amb.sal,240,115,130,82,66,,
450,4,2R,u3,245,195,27,22,29,in cactus skeleton,
451,4,2R,cyl.ech,145,135,49,30,40,,
452,4,2R,u3,150,170,40,37,43,,
453,4,2R,amb.sal,120,165,103,81,68,,
454,4,2R,u3,115,50,101,87,34,,
455,4,2R,u3,45,205,89,45,43,,
456,4,2R,cyl.ech,45,210,15,14,18,,
457,4,2R,u3,50,395,78,72,47,,
458,4,2R,amb.sal,220,500,53,50,61,,
459,4,2R,u3,260,500,50,53,50,,
460,4,2R,amb.sal,275,500,33,40,44,,
461,4,2R,ephedra,90,610,89,80,52,,
462,4,2R,ephedra,90,665,61,46,39,,
463,4,2R,u3,55,760,95,65,48,,
464,4,2R,amb.sal,120,810,110,80,54,,
465,4,2R,amb.sal,215,990,77,55,46,,
466,4,2R,amb.sal,30,1095,72,66,65,,
467,4,2R,amb.sal,330,855,83,42,56,,
468,4,2R,ephedra,350,895,90,50,50,,
469,4,2R,u3,420,800,52,34,39,,
470,4,2R,u3,455,825,75,50,39,,
471,4,2R,amb.sal,420,740,69,50,39,,
472,4,2R,amb.sal,360,655,76,88,42,,
473,4,2R,ephedra,385,830,49,43,30,,
474,4,2R,amb.sal?,320,1040,13,12,15,,
475,4,2R,u3,600,950,85,93,49,,
476,4,2R,amb.sal,620,905,36,34,35,,
477,4,2R,u3,660,855,87,57,46,,
478,4,2R,u3,945,1000,34,27,29,,
L114,4,2R,lar.tri,815,980,310,320,180,,
479,4,2R,amb.sal,900,660,123,102,67,,
480,4,2R,u3,715,745,23,16,25,,
481,4,2R,u3,680,745,76,54,43,,
482,4,2R,amb.sal,560,745,76,56,41,,
483,4,2R,u3,585,625,54,36,40,,
484,4,2R,ephedra,585,630,46,26,42,,
485,4,2R,cyl.ech,915,595,38,34,23,,
486,4,2R,ephedra,725,565,132,85,59,,
487,4,2R,ephedra,885,480,90,62,43,,
488,4,2R,?,920,390,60,44,31,,
489,4,2R,u3,820,390,60,44,31,,
490,4,2R,u3,760,405,75,56,42,,
491,4,2R,ephedra,770,300,59,52,31,,
492,4,2R,cyl.ram,715,120,90,84,85,,
493,4,2R,u3,615,30,47,33,43,,
494,4,2R,amb.sal,620,100,34,76,70,,
495,4,2R,ephedra,555,50,80,70,46,,
496,4,2R,amb.sal,510,20,67,68,53,,
497,4,2R,yuc.sch,490,70,63,63,57,these three might be the same,
498,4,2R,yuc.sch,455,65,45,49,50,full measurement 97*63*56,
499,4,2R,yuc.sch,470,85,30,17,32,,
500,4,2R,amb.sal,545,230,68,56,40,,
501,4,2R,ephedra,625,380,79,53,47,,
502,4,2R,u3,440,440,90,64,48,,
503,4,2R,u3,360,505,110,70,50,,
504,4,2R,u3,325,575,32,22,29,,
505,4,2L,amb.sal,545,65,114,87,53,,
506,4,2L,u3,430,55,84,52,53,,
507,4,2L,u3,275,90,63,44,52,,
L100,4,2L,lar.tri,130,355,390,448,275,,
508,4,2L,u3,55,425,67,36,59,,
509,4,2L,cyl.aca,35,570,21,5,52,,
510,4,2L,amb.sal,215,590,65,64,60,,
511,4,2L,u3,105,660,62,20,26,,
512,4,2L,amb.sal,270,735,63,53,45,,
513,4,2L,u3,35,735,38,25,31,,
514,4,2L,u3,90,840,30,27,32,,
515,4,2L,u3,120,915,47,51,40,,
516,4,2L,u3,150,990,41,20,36,,
517,4,2L,u3,275,980,68,62,37,,
518,4,2L,u3?,335,900,45,19,37,,
519,4,2L,u3,410,980,29,24,32,,
520,4,2L,amb.sal,405,1065,95,76,68,,
521,4,2L,amb.sal,490,1085,94,71,70,,
522,4,2L,u3,485,1035,25,21,32,,
523,4,2L,u3,500,920,55,56,34,,
524,4,2L,u3,505,840,51,51,43,,
525,4,2L,u3,455,685,45,26,37,,
526,4,2L,u3,480,1090,50,47,33,,
527,4,2L,u3,615,1095,65,27,45,,
528,4,2L,amb.sal,725,1085,59,40,47,,
529,4,2L,u3,655,635,72,40,34,,
530,4,2L,u3,595,770,50,56,52,,
531,4,2L,u3,650,790,71,44,45,,
532,4,2L,cyl.ech,665,790,73,50,76,,
533,4,2L,u3,685,725,23,17,19,,
535,4,2L,u3,900,1070,55,54,27,,
536,4,2L,ephedra,930,940,130,73,62,,
537,4,2L,u3,930,765,50,41,52,,
538,4,2L,u3,900,835,88,55,48,,
539,4,2L,u3,840,780,51,40,50,,
540,4,2L,amb.sal,770,830,98,77,76,,
541,4,2L,amb.sal,705,775,116,61,66,,
542,4,2L,yuc.sch,845,760,113,120,96,,
543,4,2L,amb.sal,700,635,107,93,62,,
544,4,2L,u3,955,585,54,36,36,,
545,4,2L,amb.sal,985,440,44,25,33,,
546,4,2L,u3,985,440,44,25,33,,
547,4,2L,u3,855,365,100,72,38,,
548,4,2L,u3,895,220,71,52,54,,
549,4,2L,u3,775,10,77,61,50,,
550,4,2L,ephedra,665,185,127,118,76,,
551,4,2L,u3,595,180,56,63,39,,
552,4,2L,u3,590,230,37,39,35,,
553,4,2L,amb.sal,540,70,120,88,66,,
554,4,2L,u3,480,405,60,61,38,,
555,4,2L,u3,445,465,55,48,36,,
556,4,2L,u3,430,60,80,47,51,,
557,4,2L,u3,275,80,63,48,52,,
558,4,1R,u3,470,230,76,45,44,,
559,4,1R,u3,420,50,80,65,51,,
560,4,1R,u3,385,225,72,67,51,,
561,4,1R,u3,285,280,83,48,41,,
562,4,1R,u3,275,60,66,35,30,,
563,4,1R,u3,345,375,40,30,45,,
564,4,1R,amb.sal,85,30,90,62,61,,
565,4,1R,ephedra,125,135,167,125,85,,
566,4,1R,ephedra,130,235,117,98,76,,
567,4,1R,u3,170,250,57,26,49,,
568,4,1R,u3,145,345,93,56,64,,
569,4,1R,u3,95,365,45,36,34,,
570,4,1R,u3,40,415,53,38,50,,
571,4,1R,u3,165,430,56,45,47,,
572,4,1R,u3?,85,325,52,40,36,,
573,4,1R,u3,320,590,43,46,33,,
574,4,1R,ephedra,285,665,183,138,100,,
575,4,1R,amb.sal,165,780,60,77,55,,
576,4,1R,amb.sal,25,905,74,55,60,,
577,4,1R,u3,145,100,52,43,44,,
578,4,1R,u3,195,890,49,43,50,,
579,4,1R,cyl.ram,255,875,100,83,59,,
580,4,1R,cyl.aca,195,775,14,14,25,,
581,4,1R,amb.sal,380,830,98,90,87,,
582,4,1R,u3,375,665,45,24,39,,
583,4,1R,u3,480,675,135,99,64,,
584,4,1R,u3,440,1000,79,55,49,,
585,4,1R,ephedra,615,985,71,43,54,,
586,4,1R,u3,620,960,49,39,46,,
587,4,1R,amb.sal,630,735,40,41,31,,
588,4,1R,amb.sal,600,590,57,42,52,,
589,4,1R,u3,635,600,66,49,47,,
590,4,1R,u3,730,620,78,35,43,,
591,4,1R,amb.sal,730,620,78,35,43,,
592,4,1R,u3,725,800,92,58,39,,
593,4,1R,u3,835,835,61,56,44,,
594,4,1R,u3,815,695,43,36,44,,
595,4,1R,ephedra,850,710,117,125,73,,
596,4,1R,cyl.ram,920,860,134,122,104,,
597,4,1R,u3,925,535,85,75,42,,
598,4,1R,ephedra,570,500,104,107,66,,
599,4,1R,u3,495,495,46,33,32,,
600,4,1R,amb.sal,510,450,60,40,54,,
601,4,1R,u3,630,440,75,70,38,,
602,4,1R,amb.sal,865,375,81,50,56,,
603,4,1R,u3,870,345,81,50,56,,
604,4,1R,u3,865,265,89,65,45,,
605,4,1R,u3,865,90,57,43,33,,
606,4,1R,u3,835,45,76,50,49,,
607,4,1R,amb.sal,700,15,42,27,36,,
608,4,1R,amb.sal,685,90,88,72,56,,
609,4,1R,u3?,695,175,42,40,32,,
610,4,1R,u3,665,205,57,60,41,,
611,4,1R,amb.sal,680,280,94,84,58,,
612,4,1R,ephedra,640,45,12,7,20,,
613,4,1R,ephedra,635,65,19,14,40,,
614,4,1R,u3,630,40,7,3,12,,
615,4,1R,ephedra,595,35,52,47,42,,
616,4,1R,u3?,615,185,33,19,11,,
617,4,1R,u3,595,245,82,65,50,,
618,4,1R,u3,555,145,71,60,41,,
619,4,1R,u3,435,50,35,31,35,,
620,4,1L,ephedra,330,90,140,105,96,,
621,4,1L,amb.sal,305,50,66,39,56,,
622,4,1L,amb.sal,330,245,90,83,65,,
623,4,1L,u3,305,220,63,44,33,,
624,4,1L,cyl.ram,305,310,23,16,33,,
625,4,1L,u3,160,75,30,10,42,,
626,4,1L,amb.sal,135,185,72,80,60,,
627,4,1L,amb.sal,60,180,111,72,70,,
628,4,1L,u3,5,375,79,59,48,,
629,4,1L,u3,375,425,86,66,46,,
630,4,1L,u3,380,505,58,43,39,,
631,4,1L,ephedra,415,505,59,40,42,,
632,4,1L,u3,180,530,35,23,24,,
633,4,1L,u3,220,540,40,35,46,,
634,4,1L,amb.sal,275,545,100,75,85,,
635,4,1L,u3,300,560,35,30,46,,
636,4,1L,u3,85,770,80,73,56,,
637,4,1L,u3,90,875,46,30,38,,
640,4,1L,u3,265,760,40,21,43,,
641,4,1L,u3,300,840,70,55,60,,
642,4,1L,u3,350,880,52,42,33,,
643,4,1L,u3,360,780,72,69,53,,
644,4,1L,ephedra,450,665,164,140,80,,
645,4,1L,ephedra,255,985,35,20,21,,
646,4,1L,u3,530,825,68,49,48,,
647,4,1L,u3,610,690,81,59,49,,
648,4,1L,u3,570,590,42,43,22,,
649,4,1L,u3,605,540,63,30,38,,
650,4,1L,u3,570,435,34,26,27,,
651,4,1L,cyl.aca,650,715,129,136,108,,
652,4,1L,amb.sal,970,800,112,90,70,,
653,4,1L,cyl.aca,955,790,8,5,31,,
654,4,1L,u3,780,635,85,50,38,,
655,4,1L,u3,850,610,36,43,32,,
656,4,1L,amb.sal,960,560,110,80,73,,
657,4,1L,amb.sal,675,460,72,6,65,,
658,4,1L,cyl.ech,675,460,37,26,46,,
659,4,1L,u3,700,435,45,36,36,,
660,4,1L,u3,630,400,50,37,31,,
661,4,1L,u3,815,410,87,63,46,,
662,4,1L,u3,965,480,61,32,42,,
663,4,1L,u3,965,255,63,57,38,,
664,4,1L,u3,855,205,88,53,50,,
665,4,1L,u3,945,140,57,55,34,,
666,4,1L,ephedra,825,150,45,31,26,,
667,4,1L,u3,770,25,65,60,43,,
668,4,1L,u3,650,245,63,50,39,,
669,4,1L,u3,610,260,55,56,39,,
670,4,1L,ephedra,635,135,55,46,33,,
671,4,1L,u3,635,35,56,56,54,,
672,4,1L,u3,585,10,19,19,30,,
673,4,1L,u3,530,95,66,30,38,,
674,4,1L,u3,515,25,25,26,33,,
675,4,1L,u3,450,335,43,30,29,,
